{"type":"FeatureCollection","features":[{"type":"Feature","id":524,"geometry":{"type":"Polygon","coordinates":[[[88.560294218446913,27.429071270452223],[88.559579555637782,27.429177668277298],[88.559041141389088,27.42941276721681],[88.558489777027276,27.429800267674739],[88.557788165840918,27.430405143952868],[88.557472627207488,27.430538908424825],[88.557157088574044,27.430672673531976],[88.554817402162058,27.431236547222003],[88.549849181448337,27.432582043952788],[88.545729856999998,27.432232839076068],[88.54516757451421,27.431996537424777],[88.543340014950743,27.431228478417896],[88.542716725179062,27.430445975430018],[88.542260551694625,27.429873269747606],[88.542060045028265,27.429513995654471],[88.541959785856037,27.429334348601525],[88.541250115883244,27.428062718140424],[88.539916108703196,27.426382001732836],[88.538415035541519,27.424709999600964],[88.536237600141192,27.423581506504107],[88.534404853705283,27.423158768336638],[88.532572107269374,27.422736028550798],[88.53254380494802,27.422729500449531],[88.530835481467165,27.422335428711005],[88.522140963614945,27.420693504213006],[88.522112541817691,27.420688136191693],[88.520515802569847,27.42038653861383],[88.520495485373047,27.420382700770933],[88.520044141231594,27.420297447677935],[88.517897749810842,27.419063412649958],[88.51787532426809,27.419050518682525],[88.514831535641449,27.417300438488311],[88.514744217599201,27.417250231742837],[88.514402198427817,27.416844719056176],[88.514344593061907,27.416776421104448],[88.511358757449216,27.413236141273327],[88.51017083699557,27.41171658958249],[88.509944643003649,27.411427244338295],[88.5089381498981,27.411215536403404],[88.502306913133168,27.409820518984617],[88.500000365572021,27.406565936188439],[88.499420334172825,27.405303584858018],[88.496964803716722,27.399959158662458],[88.496770084895758,27.399417757149934],[88.496143687851486,27.397676079259686],[88.495296593606582,27.39532067596533],[88.495102814423362,27.394781844654322],[88.494783322304386,27.393893435783266],[88.494552009711981,27.391809703177223],[88.494488741366496,27.391239748308223],[88.494084331503686,27.387596469551088],[88.494133805319663,27.383426259008811],[88.494185796215049,27.379043763528099],[88.494890438317142,27.375542934660974],[88.495069085379384,27.373680302641418],[88.495091949300004,27.373441907768722],[88.495142008817524,27.37291995121824],[88.495251088547548,27.371782605653323],[88.495245898980144,27.37170598892525],[88.495009077020114,27.368210044788494],[88.49454024986656,27.366041422159725],[88.494319740413786,27.365021397632496],[88.494064392497634,27.364585576664819],[88.493703394619274,27.363969430252688],[88.493302852003723,27.36328577753331],[88.491650053390586,27.361944736983823],[88.491408952754838,27.361767046438267],[88.49019485269892,27.360872245964025],[88.489426305345759,27.360305807288185],[88.488839088322663,27.359873009075418],[88.48597998074203,27.358190242541895],[88.483134757522393,27.356711575022569],[88.48236538731247,27.356638680209269],[88.480086068585891,27.356422701796518],[88.478324251328161,27.356266040988885],[88.477029352304015,27.355314508898136],[88.477004097068118,27.355281086524911],[88.476752432244623,27.354948026319892],[88.476336072093602,27.354396997660892],[88.476249667637973,27.354282645719813],[88.475342348539755,27.353462917360442],[88.474291268453371,27.353317320484255],[88.473212736750213,27.353496254909917],[88.472887133392334,27.353550272521954],[88.472425508930755,27.35359820393511],[88.471806138508668,27.353662514049358],[88.471048299972054,27.353654045433448],[88.470255993976309,27.353135195861263],[88.46952203625321,27.352965025533997],[88.468776057274937,27.353007111954188],[88.468148883187993,27.353422451595431],[88.467593342558402,27.353859080065359],[88.466922402550779,27.35397291701976],[88.466327683696719,27.353829147140733],[88.466047404836473,27.353490325912507],[88.46559031956204,27.352958831612899],[88.46497686813936,27.352537474215673],[88.464158724799404,27.352203648569194],[88.4633923172333,27.351942896201262],[88.462857323769228,27.351643762479867],[88.46276751739363,27.351512513223415],[88.462390049802806,27.350960849106038],[88.462067746855297,27.350345753508869],[88.461900119426645,27.349595283407414],[88.46190929122568,27.349037492200111],[88.462557361024466,27.346739431041247],[88.462524183546108,27.344472505649549],[88.462355621869534,27.342861437952283],[88.461424674384432,27.341487818353645],[88.460012187686175,27.340076517547082],[88.458438206357741,27.338933595099103],[88.457679067958921,27.338440559925591],[88.457060610225156,27.338038887857977],[88.456023516009424,27.336865686892892],[88.45526727647399,27.335417365299911],[88.455167172710304,27.333932067947874],[88.455224250765141,27.332113796610809],[88.455235436587074,27.330710206782211],[88.455249575171322,27.32893601000022],[88.45469715528904,27.326957597817398],[88.453817350689661,27.325451395663819],[88.453180488272352,27.323996322382758],[88.453096087958158,27.32274355840655],[88.453084771880526,27.322575586452679],[88.453161490700737,27.322223182596016],[88.453313371560753,27.321525518541204],[88.453292651020419,27.320418319857598],[88.453290345943401,27.320295155212698],[88.453182849044936,27.319588142651089],[88.451903231262037,27.318574936588767],[88.451261070581182,27.317694906295998],[88.450587913531464,27.316772381760085],[88.450559377648162,27.316733274597375],[88.449858689031586,27.315772999390358],[88.448270831426953,27.313528737446322],[88.447449609560493,27.311111640550592],[88.447485057081622,27.308970422991209],[88.447826225548454,27.308154629083152],[88.448074962762391,27.307559848114444],[88.448206916294495,27.307244319990719],[88.448264088672431,27.305425995837059],[88.447724928822055,27.303641248273106],[88.447526763165314,27.302657639778271],[88.446980052974979,27.299943962470142],[88.447116854714665,27.298766249027608],[88.447476370372826,27.297687420635285],[88.447626690859209,27.297436474600417],[88.447840232978663,27.297079983532488],[88.448022085229837,27.296776392657254],[88.449151174117176,27.295208492619487],[88.449510080717587,27.294839149024831],[88.451291419264763,27.293005994249935],[88.452324188990701,27.291397855131205],[88.452358429176073,27.291344539297793],[88.45266924895931,27.290860549149723],[88.452714736950384,27.290789717816622],[88.452976862655319,27.290381544843228],[88.453660086226122,27.289639682874711],[88.453983500389668,27.289288506042144],[88.455105686622375,27.288950875095452],[88.455867862225176,27.288963625349023],[88.457213551097212,27.289113343122079],[88.457638164070758,27.28921356786449],[88.458170982713526,27.289339331258841],[88.458269385068078,27.289392233719212],[88.458508179728483,27.289520613849451],[88.458517216780251,27.289518520618262],[88.458817059150732,27.289503527110135],[88.459010432295415,27.289477816763657],[88.459066040706446,27.28947042259302],[88.459236711627284,27.289465419432815],[88.459420030827303,27.289460298917241],[88.459462447478387,27.289456696833202],[88.45948788058071,27.289454536540706],[88.459602947582084,27.289451605855589],[88.459797656521616,27.289400183535957],[88.459956419375033,27.28936449238298],[88.460143454905364,27.289321695237021],[88.460248691642619,27.289295054787679],[88.460266766644438,27.289284962230994],[88.460337012204704,27.28924573840531],[88.460439407570689,27.289172927765016],[88.460607229933728,27.289063581186948],[88.46073310905787,27.288981997495046],[88.460853645002715,27.288873771596158],[88.460933116260932,27.288830260546256],[88.461051276161854,27.288755592696422],[88.461147157843712,27.288675998241203],[88.461188682467707,27.28863283918184],[88.461351633267,27.288493527936993],[88.461387626065459,27.288479505871827],[88.461515685400798,27.288361971612957],[88.461654390670546,27.288263927972991],[88.461735768153815,27.28823237586364],[88.461828075439158,27.288195589008367],[88.461878204126961,27.288178014277349],[88.461926533489276,27.288165919373618],[88.462135395386085,27.287488667329466],[88.462145249904751,27.287456713430498],[88.462347104942324,27.286818645034309],[88.462487600554482,27.286288234662315],[88.462471184740949,27.285554257920985],[88.462481531536412,27.284904899268092],[88.462530893062961,27.284383338479323],[88.462702807252114,27.283648204279817],[88.462789304234207,27.283411974152408],[88.462904310150137,27.283097879150162],[88.462916564967244,27.283064410259264],[88.463072950878455,27.282637302383009],[88.463082693107694,27.282613203980073],[88.463086252232841,27.282604076061894],[88.463559480232945,27.281390561645239],[88.46359478043037,27.281119982998977],[88.464007626371981,27.280309686613446],[88.464580616775962,27.279624432162546],[88.464955861934783,27.279193196864984],[88.46522705613252,27.278954347263156],[88.465188516610198,27.278925450416164],[88.46512293779783,27.27887811268107],[88.46548139164733,27.278420294504066],[88.46573072983422,27.278101835619871],[88.465867900781475,27.277926639091255],[88.465977099089116,27.277787166712205],[88.466371137003648,27.277283889101952],[88.466385584608361,27.277265436775799],[88.466581467645952,27.277015245414614],[88.467766924919076,27.275501099678984],[88.468059561004338,27.275127319905014],[88.468250504206196,27.274640511662597],[88.468881317368357,27.273032222435095],[88.469597857656424,27.271205341422814],[88.469683335948957,27.271162107706733],[88.470723710812138,27.270635893602257],[88.470783598797155,27.27060560285944],[88.470789577983709,27.270602579054607],[88.471031920989475,27.270480001906016],[88.471044555793952,27.270473610947043],[88.472130056627094,27.269924558010164],[88.472259440079142,27.269859114213943],[88.47368009785319,27.269140514667097],[88.473907439892059,27.269033358567821],[88.474176976698089,27.268813483829856],[88.474352715015414,27.268529401728347],[88.474273113501496,27.26836423026996],[88.474235221664486,27.268112063373643],[88.474256020358254,27.267879185012884],[88.474413466281462,27.267429490103076],[88.474489124191336,27.267282236006327],[88.47476628589753,27.266742790797494],[88.47477360716708,27.266735677781927],[88.474780801774202,27.266728686935991],[88.474780986827142,27.266728508072539],[88.474792021732071,27.266717785048275],[88.474818553474009,27.266688009067359],[88.474827268030594,27.266678229863729],[88.474838019067889,27.266667508431599],[88.474867316722595,27.266638291385981],[88.474973245162559,27.266524759255582],[88.474998177004977,27.266498037482535],[88.475173025091848,27.266372436678761],[88.475205962720068,27.266361931610696],[88.475222770199025,27.266360589331864],[88.475321182435039,27.26633420049399],[88.475362173459771,27.266323208337027],[88.475421069704737,27.266305381812565],[88.475440052903323,27.266301241586866],[88.475456406733088,27.266294685896487],[88.475497001600758,27.266288818513356],[88.475517704174791,27.266276666928732],[88.475557844494972,27.266265586931009],[88.475597531165903,27.266249295116225],[88.475616740739937,27.26624776039727],[88.475683066950623,27.266231964449091],[88.47572008562517,27.266216482309638],[88.475870175244523,27.266159280860165],[88.475915164670596,27.26614605527655],[88.475931471787945,27.266141261870477],[88.476024211162922,27.266123354668114],[88.476063897833853,27.266107062832489],[88.476095113391651,27.266104568312144],[88.476163160774433,27.266080761769683],[88.476203300196261,27.266069680953919],[88.476283353562806,27.266044915402507],[88.476309539453354,27.26604019944682],[88.476388459146008,27.266002402324304],[88.476457421912045,27.265978531081231],[88.4765779407889,27.265936814085368],[88.476485119667217,27.26582783111467],[88.476444063065458,27.265780657882051],[88.47641943575195,27.265752362077595],[88.476325116240375,27.2656245773174],[88.476263305860613,27.265544797806694],[88.476423005656883,27.265468772816892],[88.476429153726713,27.265465846290109],[88.476438604901816,27.265494432025303],[88.476483077796573,27.265552604800185],[88.476621664488718,27.265736203537884],[88.476706736742742,27.265845363067776],[88.47694454774792,27.265744261248418],[88.47732952525449,27.26559311220408],[88.477487257740293,27.265531182478966],[88.477970307919719,27.265252644016801],[88.478036599994425,27.265211060099446],[88.47830919825897,27.265040067366197],[88.47856903505658,27.264877077046041],[88.478868285437258,27.26471558928657],[88.479005509385146,27.264641537652782],[88.479133698976185,27.264572360891901],[88.479240803310887,27.264493485342072],[88.479427852315979,27.264355731277536],[88.479697434037774,27.264228846436026],[88.480063843367432,27.264075046651779],[88.480145183121479,27.264040904471436],[88.480446616408315,27.263969993755637],[88.480759373857623,27.263904005058748],[88.480858480491364,27.263883095068401],[88.481233265712746,27.263751737981515],[88.481355978275474,27.26370872814595],[88.481407600861601,27.263693926792126],[88.482035181885394,27.263513982704929],[88.482437222890795,27.26335894901419],[88.482901497382485,27.2631203919786],[88.483075873853849,27.26303079281729],[88.483365873383761,27.262890565505227],[88.483393150727366,27.262881415205424],[88.483638725871515,27.262799038517493],[88.48380107659618,27.262744579844206],[88.484368654650581,27.262657965273238],[88.484445492048408,27.262646238906601],[88.484624908966836,27.262575958936498],[88.484687412846014,27.262546979575347],[88.484769266436373,27.262509027149324],[88.484825444379283,27.262456934373176],[88.484821303145822,27.262428216099828],[88.484812313704779,27.262365869376744],[88.484852692976801,27.262340494521126],[88.484949970640628,27.262287614315976],[88.485000822472216,27.262259970819798],[88.485065306238269,27.262226811870899],[88.485117950208831,27.262199740905647],[88.485143182986874,27.262186765589512],[88.485166712559121,27.262172263481904],[88.485197705334699,27.262160057147302],[88.485221234906945,27.262145554237726],[88.485222815941867,27.262145035991441],[88.485249955843216,27.262136126786508],[88.485266589049033,27.262125875250877],[88.485278006636278,27.262118838598877],[88.485282896166382,27.262115824145546],[88.485308860173006,27.262101201450566],[88.485332476881837,27.262084378801013],[88.485358390582846,27.26206842814479],[88.485489085575225,27.261987976912817],[88.485528025746177,27.261962339254023],[88.485660790456919,27.261874929533963],[88.485689612902831,27.261855953207878],[88.485775335537127,27.261802181609518],[88.485832254590179,27.261758346134958],[88.485909780995812,27.261698638988669],[88.486038518559184,27.261578893208046],[88.486080029708447,27.261530847769574],[88.48616992591559,27.261426795430289],[88.486720126060817,27.259070997709006],[88.487264227543562,27.256658498748568],[88.487266765284232,27.256647248495536],[88.48744563602699,27.256517048774267],[88.487519279015643,27.256435120161516],[88.487549578291862,27.256390842558194],[88.487566473805742,27.256306118050517],[88.487625758122917,27.256209271139252],[88.487660679231254,27.256150908207033],[88.487812262748932,27.255952587086664],[88.487887881132906,27.255808286096858],[88.487926563487349,27.255771526041027],[88.487960960877913,27.255660139771408],[88.487999855234776,27.255603388878942],[88.488050579505611,27.255529376695648],[88.488138635064686,27.25536492301325],[88.488230340478793,27.255216393577292],[88.488314374280364,27.255119284581131],[88.488388586800937,27.254943873745251],[88.488473094014665,27.254735514671815],[88.488551502565926,27.254586731243986],[88.48861888609369,27.25445790507364],[88.488662164229112,27.254365083025444],[88.488713662847729,27.254254628097083],[88.488817137090351,27.254028501529639],[88.488928806663338,27.253782070340005],[88.489062517300098,27.253513144652729],[88.489143264166074,27.253340095919828],[88.489165305229889,27.253227966119535],[88.489224216746209,27.253101875960578],[88.489349126588152,27.252907180623307],[88.489376921361369,27.252849029982418],[88.489472102357297,27.252649896389887],[88.489501219450574,27.25258416531177],[88.489551633802648,27.252410877150719],[88.489592525114361,27.252233428803752],[88.489632595365933,27.25199545244428],[88.489812537798812,27.251976338669824],[88.489813156738052,27.251976273184329],[88.489815124048519,27.251976063950217],[88.48981505487825,27.251975123993894],[88.489814927317468,27.25197339022565],[88.489814922825914,27.251973330330387],[88.489813891559933,27.251959330011232],[88.489797783868582,27.251740720840104],[88.489792653590001,27.251670477901275],[88.489782800867957,27.251535541408405],[88.489775133747017,27.25143057170057],[88.489774401620068,27.251420521225764],[88.48973862172231,27.251317595047865],[88.489723243462933,27.25127335533772],[88.489730238644071,27.251137480795546],[88.489730656360678,27.251129358137831],[88.489732198768024,27.251099411073238],[88.489733409697024,27.251075880033181],[88.489737029009291,27.251005587160673],[88.489718035030933,27.251011847467954],[88.489703536222251,27.251012611738119],[88.489687597414147,27.251015954721275],[88.489686789828724,27.251016123228052],[88.489670211420162,27.251022257354318],[88.489634302164973,27.251029408111126],[88.489585973701011,27.251031954879334],[88.489557144966909,27.251036103659668],[88.489540399471693,27.251039616746088],[88.489501736880172,27.251041653202133],[88.489470491677977,27.251045928961101],[88.489434244656252,27.25104783923663],[88.489417498262739,27.251051350725458],[88.489398167416155,27.251052370550607],[88.489381421022586,27.251055882039307],[88.489379679189284,27.251056456239958],[88.48937192313511,27.251059012590872],[88.489347927337249,27.251062906613573],[88.489333429426864,27.251063670883383],[88.489314266565245,27.251067310149338],[88.489261105165042,27.25107011087465],[88.489213282452567,27.251080519956943],[88.489164953988592,27.251083065925386],[88.489148207595065,27.251086578211702],[88.489119695067956,27.251105850263816],[88.489114713909686,27.251093602784035],[88.489102857944587,27.251060041200667],[88.489094597935548,27.251044697504206],[88.489101092755064,27.251036757721465],[88.489103589173226,27.251033704634459],[88.489119998698513,27.251024951067006],[88.489158662188345,27.251022913812026],[88.489172991215455,27.251019529301338],[88.489192322960349,27.251018510274506],[88.489199235496457,27.251012886460106],[88.489213396538602,27.251006881708246],[88.489222894426121,27.251003751155206],[88.48923255940025,27.251003241641719],[88.489246890223981,27.250999857130445],[88.489254139628329,27.250999475394622],[88.489270717138567,27.250993341267108],[88.489332869776433,27.250979547664762],[88.489349785951575,27.25097865721386],[88.489351886212688,27.250978160478038],[88.489364114978656,27.250975271903211],[88.489374155448601,27.250974743222951],[88.489381030255458,27.250974380653687],[88.489395360180893,27.250970995342936],[88.489414859910752,27.250972598154625],[88.489431438319315,27.250966465622863],[88.489465267974609,27.250964683123648],[88.489498591878373,27.250955037502461],[88.48951550715519,27.250954145454159],[88.489543999021052,27.250944755387554],[88.489560913399529,27.250943864137788],[88.489577659793071,27.250940351846925],[88.489608904995279,27.250936076083914],[88.489623402905636,27.250935312611837],[88.489630484325005,27.250932309035942],[88.489649478303406,27.250926048724182],[88.489668810048315,27.250925030495097],[88.489697637884092,27.250920881710655],[88.489704719303489,27.250917878134352],[88.48972646661818,27.250916732127422],[88.48973838097379,27.250913475391293],[88.489726522313745,27.250733445936177],[88.489726348938902,27.250730822494351],[88.489725639269821,27.250720051607864],[88.489726472008073,27.250710797285628],[88.489755294453971,27.25039061626935],[88.48975602568261,27.250382495154305],[88.489755150723539,27.250376690022147],[88.489749761730152,27.250340900884613],[88.489744106835431,27.250303355580058],[88.489738475296917,27.250265961999833],[88.48973220685285,27.250240700981319],[88.489730000590512,27.250231813982598],[88.489729546941305,27.25022998355464],[88.489726899606154,27.250219313245271],[88.489726770248751,27.250218791748967],[88.48972200288955,27.250199583432487],[88.489716166535132,27.250176066577207],[88.489710002295652,27.250151227207855],[88.489709409407567,27.250077712129649],[88.489709246812495,27.250057612531936],[88.489708026002035,27.249906204177456],[88.489707364841976,27.249824149305251],[88.48970695700686,27.249773536817887],[88.489706954311899,27.249773222161888],[88.489712543629594,27.249749991920833],[88.489705136121771,27.249657874320096],[88.489705053476769,27.249657336050106],[88.489693994317307,27.249585211842724],[88.489688210065196,27.249547490586526],[88.489686712573601,27.249537722653447],[88.489669799093448,27.249473364163919],[88.489667888376829,27.249451348563781],[88.489666887653598,27.249439817265539],[88.489665736013407,27.249426533789887],[88.4896657306235,27.24942646830289],[88.489665152108458,27.249419810991345],[88.489664029214353,27.249406870920744],[88.489663036575962,27.249395430660801],[88.48966328451101,27.249388440321976],[88.489664329251653,27.249359019879439],[88.489664425371416,27.249356294181531],[88.489664481066967,27.249354741659744],[88.489664496338321,27.249354507663408],[88.489665041615694,27.2493462059841],[88.489666625345535,27.249322112342931],[88.489672801263112,27.249257629942122],[88.489674061599445,27.249244477418888],[88.489674090345545,27.249244173942103],[88.48967508028899,27.249233835765438],[88.489676686476727,27.249217067871768],[88.489676696358188,27.249216966446589],[88.489677067362408,27.249213098713859],[88.489677742895495,27.249209951339246],[88.489682381795632,27.249188341387704],[88.48968198833353,27.249183811595074],[88.489681867060966,27.249182409212107],[88.489680624690934,27.249168098675693],[88.489680282432801,27.249164155870613],[88.489686436790819,27.249120397673],[88.489694223387701,27.249095451850938],[88.489694595290231,27.249071075442426],[88.489697538171086,27.249051497963261],[88.489707522945466,27.248985081135942],[88.489707960425008,27.248982173342398],[88.489710398452701,27.248965957260715],[88.489711246462335,27.24896031337693],[88.489712306474374,27.248953264711144],[88.489713522793267,27.248945175436212],[88.489715627545976,27.248935369914854],[88.489717385548985,27.248927181609051],[88.489718837226476,27.248920419647678],[88.489728340503873,27.248883390574566],[88.489737217655517,27.248848800492798],[88.489737647050234,27.248847124975526],[88.489747480907624,27.248808809291148],[88.489765919727148,27.248775551295147],[88.489766864754827,27.248770634950446],[88.489767039926321,27.248769725314862],[88.489772542107403,27.248741083369737],[88.489774745674822,27.248729611096266],[88.489775069068315,27.248727931584074],[88.48977664381502,27.248719730485],[88.489777314856525,27.248716238888228],[88.489777415467827,27.248715713391714],[88.489778152984684,27.248711872794853],[88.489779591187471,27.2487043856671],[88.489783054192884,27.248686360654563],[88.489787164883637,27.248664961438926],[88.489788163810204,27.248659758382132],[88.489790927028039,27.248645376700669],[88.489795267687484,27.248622781931676],[88.489794505017812,27.248617015840459],[88.489794270557496,27.248614328458501],[88.489795051193511,27.248612162580343],[88.489798279738622,27.248603198783236],[88.489805330615297,27.248570356810962],[88.48980659095163,27.248564486895383],[88.489808909503367,27.248553685451263],[88.489808949029282,27.248553286137252],[88.489810215653819,27.248540059258325],[88.489810812135161,27.248538402104874],[88.489812479408343,27.248533773255854],[88.489812497374643,27.248533725338163],[88.489813729863201,27.248530304813467],[88.48981411074891,27.248529246631044],[88.489814328141193,27.248528642069466],[88.489815583087633,27.248525158452999],[88.489818234016056,27.248517799891843],[88.48981977822001,27.248511315828292],[88.489819974951047,27.248510490845177],[88.489820429498579,27.248508582921975],[88.489822367164649,27.248500452085995],[88.489822582760326,27.248499546441334],[88.489831983629784,27.248460077417334],[88.48983464533795,27.248448904600707],[88.489845134965535,27.24842645514228],[88.48984684356121,27.248421715279179],[88.489848480291641,27.248417171079996],[88.489853154226083,27.248404196551711],[88.489862523654509,27.248366923724792],[88.489864250216456,27.248360057907558],[88.489865499773032,27.24835355227178],[88.489865828556432,27.248351839211491],[88.489870525847039,27.24832737079765],[88.489871103463784,27.248324361560911],[88.489874596113594,27.248314666994386],[88.489878560378955,27.24830366427129],[88.489879121826007,27.248302102949886],[88.489882819291694,27.248286164692352],[88.48988998605104,27.248255276874605],[88.489901117974028,27.248224375471562],[88.4899060227755,27.24821075802323],[88.489911297682838,27.248186192145436],[88.489911338107021,27.248186002071318],[88.489915180201493,27.248175337156333],[88.489926987657583,27.248142559746828],[88.489927376628131,27.248141483192221],[88.48993090970211,27.248125021808264],[88.489932691061313,27.248116726426236],[88.489939467951814,27.248103299837595],[88.489947383906113,27.24808479954195],[88.489954788719032,27.248067495593329],[88.489966730922404,27.24803958741002],[88.489973600339383,27.248023533313223],[88.48998065121603,27.248007054341919],[88.489983102718426,27.248001328150377],[88.489991527119187,27.247981637077217],[88.490003184556613,27.247954394931774],[88.489994838309315,27.247944216361734],[88.490000853428441,27.247927522546526],[88.490004624556022,27.247912695133351],[88.490006596358057,27.24790494040986],[88.490017159647493,27.247863410701765],[88.490019092821981,27.247855813305527],[88.490020713382776,27.247849440213415],[88.490046025212536,27.24774992489122],[88.490047581992897,27.247743803362685],[88.490052787729979,27.247723334374399],[88.490055055976072,27.24771356308662],[88.49006365195504,27.247676508854152],[88.490076984750459,27.247629493239121],[88.49007632628539,27.24762190620919],[88.490076244538685,27.247620963820179],[88.490075118949619,27.247607993990869],[88.490075853771557,27.247603555976884],[88.4900788721109,27.247585306369515],[88.490080598672847,27.247574867410705],[88.490082459083808,27.247563618634796],[88.490083277449017,27.247558671089784],[88.490083642165047,27.247555519675192],[88.490086120616908,27.24753410506796],[88.490094008723418,27.247480828088513],[88.490098972813684,27.247447300555194],[88.490099995096486,27.247438864562703],[88.490100582594692,27.247434010452565],[88.490101408146415,27.247427183710911],[88.490105578125977,27.247392739326859],[88.490106858225246,27.247382162984497],[88.490115386830553,27.247311721627554],[88.490118931582657,27.247282441195935],[88.490119558606736,27.247277257241805],[88.490121876260176,27.247258119496195],[88.49013367113983,27.247222044241763],[88.490141689502053,27.247199783812945],[88.490144710536356,27.247186245304366],[88.490163182593548,27.247103445692225],[88.490171433619452,27.247083873457299],[88.490176981614624,27.247061804674168],[88.490184999976861,27.24703954421328],[88.490205788789169,27.246959538133027],[88.490212972616504,27.246931886833782],[88.490215744817476,27.246913694618311],[88.490218230455838,27.246897380801087],[88.490220897553925,27.246879876209125],[88.490223741620142,27.246855309238807],[88.490243555760358,27.24679697334436],[88.490246632490212,27.246775094580808],[88.490248775870455,27.246742466104692],[88.49025181037949,27.24672080056764],[88.490261032484213,27.246654950981828],[88.490270026416823,27.246603460143696],[88.49028131734164,27.246538818834601],[88.490292643300748,27.246473972236721],[88.490296418919883,27.246460155712001],[88.490302902959584,27.246414050835138],[88.490308726737581,27.246372638769792],[88.490315198200904,27.246349493273613],[88.490316458537222,27.246333224896361],[88.490331146890426,27.246143669774295],[88.490331712829075,27.246141418392991],[88.490336694885642,27.246121600006006],[88.490339424865795,27.246100592432082],[88.490342495307431,27.246076970886392],[88.490344152699123,27.246064215712831],[88.490351472172065,27.246033894317016],[88.490350564873623,27.246023441635625],[88.490349372809249,27.246009708114194],[88.490355972731621,27.245980694087898],[88.490360237034281,27.245961949053427],[88.490363779091467,27.245946377838177],[88.490366622259316,27.245921810661748],[88.490373008382676,27.24588074023421],[88.490373501557784,27.245876428337574],[88.490374492399511,27.245867773396618],[88.490377455941641,27.245841874058716],[88.490378034456697,27.245836820217033],[88.490383496213624,27.245709497352536],[88.490387455089063,27.245617215079189],[88.490387827889933,27.245592838707253],[88.490385729425412,27.245568652408561],[88.490388571694993,27.245544086746026],[88.490388711832168,27.245517022901296],[88.490390622548759,27.245481707397271],[88.490393232154673,27.245454452659949],[88.490393605853825,27.245430077051029],[88.490396681685354,27.245408198018694],[88.490397789308105,27.245378514566145],[88.490397483880926,27.245340403739196],[88.490413784710057,27.245349331061217],[88.490554689953939,27.245354338603324],[88.490591987106242,27.245355662766734],[88.491191919782196,27.245376978760536],[88.491195574128795,27.24537829254119],[88.492205858124862,27.245741521554852],[88.493026028962404,27.246258558045771],[88.493743013018218,27.246778431302189],[88.49396040801193,27.246900037077573],[88.494829584643156,27.247386234433169],[88.495206095528218,27.247566125550581],[88.495800362529678,27.247850054362264],[88.496750124330134,27.248069168726435],[88.497381898689682,27.248198929505843],[88.498077886422337,27.248474083767317],[88.498602264494721,27.24855774407904],[88.498980113869521,27.24862980665959],[88.498980028529559,27.248629969579586],[88.498976887121046,27.248636690828612],[88.498836229812156,27.248937646795621],[88.498777303024454,27.249158147824474],[88.498742310949225,27.249393747165563],[88.498742648715762,27.249395572016876],[88.498753309023215,27.249453289214323],[88.498803859020896,27.249525464618952],[88.49881708222189,27.249544344818613],[88.498823039848844,27.249594540530289],[88.498822123567237,27.249597188756145],[88.498793593073827,27.249679607167888],[88.498773098010616,27.249708698494285],[88.498729350954591,27.249770794359133],[88.498561575303924,27.249863524406905],[88.498387670448068,27.249970878669277],[88.49824166995991,27.250135928907213],[88.498106817564405,27.250330538052772],[88.498036057269459,27.250475494623839],[88.497984772449897,27.250580553879018],[88.497899054307155,27.250768267029517],[88.497882684307726,27.250798191822138],[88.497862438976171,27.250844219014077],[88.497839414257143,27.25089036677727],[88.497821386866022,27.250930985737515],[88.497804026024852,27.250975503500339],[88.497774802930337,27.251026045961758],[88.497719056178724,27.251177101404028],[88.497707963781593,27.251204140712254],[88.497695772744891,27.251247160175765],[88.497682741783393,27.251282250239338],[88.497664454779141,27.251346780181692],[88.497638672232156,27.251419603625752],[88.497617902284489,27.251561118381034],[88.49761769297703,27.251562547886614],[88.497617254599163,27.25156553627199],[88.497616199977031,27.251572722132554],[88.497616108348851,27.251578436161182],[88.497616052653314,27.251578797929852],[88.497614632416855,27.251587950756875],[88.497614553365111,27.251590269110892],[88.497614508449331,27.251591586811259],[88.497614252429486,27.251599096904247],[88.497610559455353,27.251707626636119],[88.497613125942138,27.251731865905409],[88.497620635857899,27.251802786022282],[88.497620583755605,27.251822002047959],[88.497620574772455,27.251825597365826],[88.497620714909644,27.25182621229138],[88.49763351590245,27.251882511503897],[88.497657690465033,27.252012838038095],[88.497722427555999,27.252148234745487],[88.497767795172777,27.252243119834393],[88.497832075919575,27.25236999119965],[88.497867296166902,27.252435400568412],[88.497891268608583,27.252479920923566],[88.497928973596018,27.25248461908658],[88.497944989659203,27.252484437804416],[88.497956480908314,27.252485662057964],[88.497966508801838,27.252486731383158],[88.498006548510673,27.252486277778456],[88.49802806944993,27.252488571357173],[88.49806543936576,27.252488148897847],[88.498111479820693,27.252497773622508],[88.498152016297922,27.252504924284469],[88.498173702527183,27.252509751020987],[88.498206065233617,27.252514458765919],[88.498227750564581,27.252519285502014],[88.498278799127206,27.252523780819075],[88.49846969920992,27.252550527512568],[88.498598326280515,27.252573181378732],[88.498616437214963,27.252580835951939],[88.498658362487603,27.252594740360994],[88.498807816099728,27.252640089597882],[88.498841370870508,27.252657657171419],[88.498862305209897,27.252664290331243],[88.498906337930194,27.252684082796161],[88.498925851134786,27.252696543326557],[88.498956207903205,27.252711418018002],[88.498967547337031,27.252721435633621],[88.498978721480853,27.252728917699432],[88.498980516314788,27.252730502916638],[88.499064251875666,27.252774341151191],[88.499254324610021,27.252900906047959],[88.499268252988472,27.252908259527594],[88.499287765294767,27.25292072003289],[88.499296269645555,27.252928233230556],[88.499296866126926,27.252929233872152],[88.499326274274381,27.252948816259053],[88.499562803383625,27.253123992259873],[88.499716272465079,27.253224742992035],[88.4999313228559,27.253467862055],[88.500054352523946,27.253614612167784],[88.500099877345917,27.253657214632955],[88.500120053507189,27.253679813170965],[88.500224896782342,27.253783164409047],[88.500311839328788,27.25392284818594],[88.500430419641233,27.25412124320135],[88.500511418035458,27.254266017546289],[88.500522663146185,27.254281441455689],[88.500556521547566,27.254346632484932],[88.500604672145101,27.254432692922236],[88.500663358184283,27.254513191945207],[88.500686038848571,27.254533225253848],[88.500852111293469,27.254759169516706],[88.501021518284702,27.255007850541986],[88.5011018402475,27.255109113055344],[88.501161858488288,27.255178144771776],[88.501266440353675,27.255271985129319],[88.501396475084277,27.255367247677182],[88.501426368321987,27.255397342128465],[88.50147723362835,27.255439883218841],[88.50149928906518,27.255459366139988],[88.501526216065841,27.255479760235588],[88.50163348209729,27.255563532669523],[88.501676863538975,27.255592338163542],[88.501723898428949,27.255617169130684],[88.501746246716564,27.255632133670776],[88.501773769300243,27.255644503631686],[88.50184031919143,27.25568179478314],[88.501991957506362,27.255760714915247],[88.502079931318761,27.255783825711728],[88.502220932682377,27.255840087783763],[88.502246486158938,27.255847127228854],[88.502323547237282,27.255881762250418],[88.50237292223855,27.255901493451095],[88.50241929507014,27.255916186437354],[88.502438643883067,27.25592611192819],[88.502467802298881,27.255936594823591],[88.502507358714112,27.255949463859977],[88.50254533319611,27.25596126040886],[88.502554509486714,27.255962843982815],[88.502574597613105,27.255962616388988],[88.502620640763013,27.255972240014426],[88.502890017668932,27.256004371465767],[88.502915990658735,27.256006549977183],[88.502984766575224,27.256009832917151],[88.503026700831001,27.256013290744878],[88.503048220871918,27.256015583452275],[88.503067110645731,27.256019787148347],[88.503244871969102,27.256036180283782],[88.503263263177899,27.256035971855891],[88.503298131285661,27.256038112833679],[88.503319651326606,27.256040404741995],[88.503351849641334,27.256042576864129],[88.50337337058059,27.256044867973795],[88.503434766837017,27.256044172415567],[88.503455956297927,27.256041395772719],[88.50346946965476,27.256043778718446],[88.503493493300397,27.256043507203195],[88.5035045021542,27.256047464937328],[88.503667018168869,27.256020659990206],[88.503723074839229,27.256020747833411],[88.503794115408525,27.256019942071791],[88.503797227172669,27.256020864425295],[88.503880531542237,27.256020995391477],[88.503887238364143,27.256018749800095],[88.503916601595833,27.256018416794554],[88.503932545793816,27.256020115362428],[88.504000655160354,27.256016053812637],[88.504036392837307,27.256011985075503],[88.50407649093664,27.256011531485203],[88.50412063235305,27.256008898584966],[88.504221638923596,27.256000857737565],[88.504493724250125,27.255979197996513],[88.504514895744748,27.25597612108794],[88.50456561372738,27.255975546114083],[88.504605323754504,27.255970022372164],[88.504648032358034,27.255969537637245],[88.504693081072915,27.255963953203331],[88.504724782619292,27.25595852129694],[88.504767161541153,27.255952968006902],[88.5047911860851,27.255952694894262],[88.504807036858281,27.255949978940848],[88.504828391609209,27.255949736174045],[88.504838903694676,27.255947080113668],[88.504881282616523,27.255941526823047],[88.504904975682123,27.255936185953136],[88.504915818347627,27.255938599246964],[88.504947851372322,27.255938235096732],[88.504958363457803,27.255935579834663],[88.504979552918684,27.255932803189104],[88.505000907669626,27.255932561220849],[88.505022098028888,27.25592978377664],[88.505046121674539,27.255929511462522],[88.505067642613795,27.255931802574491],[88.505091667157743,27.255931530260384],[88.50511285661868,27.255928753614736],[88.505155567018846,27.255928268879629],[88.50517675647977,27.255925492233903],[88.50520611971146,27.255925159228084],[88.50522764065073,27.255927450340142],[88.505393142665412,27.255925572091424],[88.505417332499377,27.255927833656202],[88.505454704211829,27.255927409612795],[88.505475893672767,27.255924632967044],[88.505566652262559,27.255923602006529],[88.505588174100112,27.255925894715773],[88.505612197745748,27.255925621603055],[88.505633388104982,27.255922844957254],[88.50565474285591,27.255922602190438],[88.505718310340399,27.255914271453992],[88.505739665989623,27.255914029485712],[88.505811241954817,27.255905606912464],[88.505875308004278,27.255904880208963],[88.505896994233552,27.255909705999354],[88.506097361661034,27.255882116817915],[88.506163118339842,27.255876549149697],[88.506183319653942,27.255876319159974],[88.506247034462092,27.255870222035899],[88.506278735110172,27.255864790124924],[88.506342302594618,27.25585645858559],[88.506389854914161,27.255848309919472],[88.506411044375113,27.255845532473153],[88.506434737440713,27.255840190800061],[88.50646376919407,27.255834788434939],[88.506489799676075,27.255824347854514],[88.506513825118347,27.255824073942957],[88.506553533348836,27.255818550193542],[88.506590905061287,27.255818126149716],[88.506606756732808,27.255815410192984],[88.506681498361075,27.255814561306767],[88.506702523430278,27.255809249978064],[88.50673205105366,27.255811450054885],[88.506756076495932,27.255811177740473],[88.50683398558391,27.255817900951307],[88.507060067286403,27.255841022915973],[88.507194728340778,27.255878065644556],[88.507266826227152,27.255891711701622],[88.507339956277804,27.255916141717162],[88.50736464377843,27.255926006516276],[88.507411018406657,27.255940697103593],[88.507463062302662,27.255960397149387],[88.50750159374013,27.25597771344604],[88.507517941281677,27.255982599924923],[88.507564647388236,27.256002359856382],[88.507589500178881,27.256014759323385],[88.507614022389518,27.256022089438513],[88.507638876078488,27.256034488903275],[88.507650050222281,27.256041970746232],[88.50769925993356,27.256059165646885],[88.507738123747714,27.256081550477603],[88.50776548014305,27.256091385714821],[88.507806847561881,27.256111205520014],[88.50785088297711,27.256130995774406],[88.507897920562016,27.256155824225551],[88.507947460853288,27.256178088452216],[88.507969645647577,27.256190518245425],[88.508002673107285,27.256205360526678],[88.508049875982209,27.256232722833168],[88.508060884836041,27.256237670790995],[88.50808039983724,27.256250130124712],[88.508091408691072,27.256255078081761],[88.508303399420001,27.256392166590246],[88.508323245899589,27.256409695239693],[88.508334420941708,27.256417177057397],[88.508354267421282,27.256434705702929],[88.508379452588613,27.256452173654303],[88.50850036941911,27.256544643388153],[88.508536564338527,27.256567059265382],[88.508548401439029,27.25658467892432],[88.508807265361199,27.256710714026539],[88.508892050154316,27.256762788731791],[88.508916196869166,27.256775793429345],[88.508963733019073,27.256808224910401],[88.508991255602751,27.256820593143402],[88.509049965896452,27.256860507197825],[88.509080489751497,27.256877913592529],[88.509105343440453,27.256890312961914],[88.509250286611561,27.256982509221366],[88.509295318258424,27.257017505640366],[88.509320503425712,27.257034972701618],[88.509343018799996,27.257052470904231],[88.509363030569602,27.257072534100988],[88.509411063487846,27.257112568648587],[88.509428074884369,27.257127593678518],[88.509453094761668,27.257142526871306],[88.509475444845947,27.257157491206151],[88.509495291325493,27.257175018936458],[88.50956501137135,27.25721987918066],[88.509612711912922,27.257254845978007],[88.509680258934083,27.257307340473819],[88.509700272500311,27.25732740362464],[88.509753477917926,27.257364842744863],[88.509790004315704,27.257392326147908],[88.509815023294706,27.257407260103722],[88.50984020936032,27.257424727902304],[88.50985738604686,27.257442286734481],[88.509888407568553,27.257467296965483],[88.509905087486757,27.257477251864785],[88.510110460327013,27.257563036770982],[88.510233027362688,27.257648431912415],[88.510282720367599,27.257696151617751],[88.510294060699721,27.257706167985877],[88.51031908057702,27.257721101100934],[88.510327752014462,27.257731147812152],[88.510372949849653,27.257768677832523],[88.510401800143327,27.257801322240024],[88.510427150600663,27.257821323812468],[88.510444494373857,27.257841418014447],[88.51046700974814,27.257858916090179],[88.510484684999653,27.257884077954124],[88.510510202543614,27.257906614144066],[88.510547723376419,27.257949304403997],[88.510573074732037,27.257969306748411],[88.510590418505231,27.257989400125112],[88.510615936049177,27.258011936293716],[88.510644785444526,27.258044579831235],[88.510670136800172,27.2580645821585],[88.510676139342891,27.258074659183954],[88.510699152383822,27.258099760308554],[88.510724669927811,27.258122296454822],[88.51075351932316,27.258154940758484],[88.510768193303306,27.25817506444686],[88.510791538720909,27.25820523480002],[88.510806211802773,27.25822535768074],[88.510823389387639,27.258242917185044],[88.510840899349162,27.258265544337959],[88.510962466559931,27.258408731346233],[88.510968635290965,27.258421342961171],[88.511083008792951,27.258556378106885],[88.511133479738874,27.258628128363043],[88.511171893497064,27.258671085862073],[88.51118675163184,27.258692781812389],[88.511310990432293,27.258835937925522],[88.511325665310764,27.258856062289205],[88.511347611153155,27.258884422934472],[88.5114540651076,27.259021996916207],[88.511485916672612,27.259059679024496],[88.511509925945205,27.259099986760152],[88.511527435906714,27.259122614537205],[88.511551444281025,27.259162922250063],[88.511610803158362,27.259253553860692],[88.511651823827478,27.259308885462779],[88.511706689331774,27.259371669109893],[88.511718529127222,27.259389288324481],[88.511719191185577,27.259399425919693],[88.511840729650274,27.259488448260221],[88.511917558963262,27.259574363375563],[88.512027411244418,27.259659693088636],[88.512050093705327,27.25967972467166],[88.51206944341655,27.259689649826633],[88.51209229206583,27.259712216794053],[88.512100632024897,27.259717194143331],[88.512134656614606,27.259747242698815],[88.512162511574928,27.259764679785057],[88.512190865100251,27.259789719838555],[88.512215884977536,27.259804652673875],[88.51224407231453,27.259827158928374],[88.512255247356663,27.259834639717596],[88.512275094734534,27.259852167824484],[88.512320294366376,27.259889697927616],[88.512364664853223,27.25991455508581],[88.512415203172793,27.259952024478348],[88.512437719445373,27.259969522221979],[88.512462740220997,27.259984455033099],[88.512565339504519,27.260005918350373],[88.512996166124921,27.26020821218777],[88.513019507949252,27.260212991475832],[88.513049600612959,27.260212648101774],[88.513066191597915,27.26022255005137],[88.513090419161131,27.260227319756304],[88.51310933588438,27.260232150150372],[88.513131073317638,27.260239469606443],[88.513166250445849,27.260249160738034],[88.51318533245913,27.260256510537641],[88.513201593762389,27.260261371275128],[88.513220674877331,27.260268721872507],[88.513253033990509,27.260275921544576],[88.513404037196494,27.260309518677197],[88.513441869744696,27.260319179458012],[88.513465932916219,27.260321427358186],[88.513487670349434,27.26032874760693],[88.513514551536019,27.260333486962644],[88.513541764200923,27.260343268321442],[88.513573627444046,27.260342904984189],[88.513587233327343,27.260347794465467],[88.513609135152279,27.260357636512278],[88.513627722193817,27.260357424898324],[88.513643819105411,27.260359763831673],[88.513705549535089,27.260369150707778],[88.513754003763196,27.260378690104876],[88.513823865742864,27.260390506946013],[88.513834651814477,27.260392906567933],[88.513874810100916,27.260397494197768],[88.513891235795924,27.260404875130757],[88.513915133677401,27.260404602029045],[88.51393405040065,27.260409432415425],[88.513952801833895,27.260411741801587],[88.513974384756921,27.260416707141424],[88.514006822023504,27.260416336617528],[88.514372154273161,27.260452497029593],[88.514693780789273,27.260405811821666],[88.514696270919231,27.260403260476817],[88.514703906599152,27.260398127442361],[88.514737764102193,27.260387649758812],[88.514758511591992,27.260379845596802],[88.514774443213582,27.260379663528976],[88.514800500645023,27.260371797878577],[88.514831868916446,27.260363870739798],[88.514847469957971,27.260358647468124],[88.514859074394792,27.260356282981345],[88.514906396745658,27.260336127745937],[88.51491916090751,27.260328364306034],[88.514942752463526,27.260322968547278],[88.514951254119353,27.260317676598966],[88.515051493528674,27.260265308097026],[88.515223463413392,27.260222083701535],[88.515282990275679,27.260192218939569],[88.515298591317247,27.260186994861279],[88.515329463718587,27.260171506290259],[88.515350210310089,27.260163700515989],[88.515365646959935,27.260155955430573],[88.515433198472678,27.260132479809048],[88.515448634224214,27.260124735520002],[88.515482492625566,27.260114257810699],[88.515497928377101,27.260106512721833],[88.515560499629885,27.260088138995648],[88.515576101569749,27.260082914912459],[88.515680660078942,27.260056493441304],[88.515696261120468,27.260051270155188],[88.515735760043512,27.260045773766269],[88.515761816576642,27.260037908092254],[88.515785549168129,27.260035113981125],[88.515809116469612,27.26002979886124],[88.51585126632105,27.260024201055966],[88.515878080133987,27.260023895212949],[88.515914383749561,27.260015464166962],[88.515929590430687,27.260014937925309],[88.515970283214742,27.260013528492006],[88.516001153819488,27.260012460037736],[88.516039475949498,27.259976712330847],[88.516049601759377,27.259969028720487],[88.516100547914078,27.259976015998713],[88.516108513275711,27.259975924964447],[88.516144186273976,27.259993177550705],[88.516171233648848,27.260000437131563],[88.516192971082077,27.260007756602878],[88.516207071937117,27.260020209125859],[88.516215203487079,27.260022639899073],[88.51623162918203,27.260030020856945],[88.516259172426942,27.260044842662154],[88.516297500845198,27.260062064892995],[88.516323009405966,27.260065322958344],[88.516347504667166,27.260072537017397],[88.516358149703265,27.260072380502503],[88.51638282552581,27.260082117165719],[88.516444942231061,27.260093827831891],[88.516472098302117,27.26010100276039],[88.516485586506107,27.260103329720963],[88.516561733099479,27.260124932760625],[88.516916314311828,27.26025502524573],[88.516948562932185,27.260280835783636],[88.516973599877488,27.260295616829705],[88.516998999742114,27.260315443072471],[88.517023856126031,27.2603277015149],[88.517083542888457,27.260379845596802],[88.517175709138286,27.260439087900838],[88.517198446396449,27.26045895244809],[88.517221060585413,27.260471726733172],[88.517455822708513,27.260667256878836],[88.517463532050272,27.260675570489852],[88.517503083973935,27.260699173763243],[88.517541908262189,27.260723958871836],[88.517564305957166,27.260741362266209],[88.517591683912102,27.260753662984328],[88.517889237375201,27.261026990275848],[88.5180000257009,27.261105722152447],[88.518020459678638,27.261103262655531],[88.518078301301486,27.261096299404294],[88.518204571192754,27.261056334166643],[88.518464575975329,27.261028521872703],[88.518636348230714,27.26105344265941],[88.518872413809291,27.261064186193479],[88.519012465653631,27.261062584325728],[88.519235109503555,27.261060037787203],[88.519301889363447,27.26106207326125],[88.519323130926679,27.261061831304165],[88.519359974429747,27.261056363712559],[88.519439632537555,27.261055452580344],[88.519455398869113,27.2610527487296],[88.519495228372193,27.261052293562763],[88.519516304645379,27.261049529821591],[88.519534561106894,27.261044274640568],[88.519571734291659,27.261043849818165],[88.51961123321469,27.261038352679755],[88.519627164836251,27.261038169814448],[88.519640111356154,27.261032976120354],[88.519650567746041,27.261030333756555],[88.519669319179272,27.26103264233128],[88.519703341972345,27.261024684895137],[88.519720369538561,27.26102222379939],[88.519748604486267,27.261015432228834],[88.520095852750899,27.260931895478109],[88.520073331088454,27.260908842447726],[88.520147203147502,27.260877542894619],[88.520290167330032,27.260709560383773],[88.520503677110128,27.260458687331962],[88.52065101429146,27.260285566357446],[88.5206738404828,27.260258745662419],[88.520676161729497,27.260256017835982],[88.520698066249395,27.260273362211333],[88.520845149207489,27.260389827385826],[88.520851712298978,27.260395024304124],[88.520888194679273,27.26042170522129],[88.520926737794866,27.260448520287206],[88.520946528578889,27.260464517491258],[88.520965799238354,27.2604779258184],[88.520987247414084,27.26048839151532],[88.521099667080307,27.260566604721081],[88.52113023225786,27.260581184496615],[88.521147949730207,27.260586826193666],[88.521170433663457,27.260602468825386],[88.521189188689959,27.260613287465876],[88.521207423591918,27.260621517234089],[88.521287000851359,27.260650528240195],[88.521306167306264,27.260659015934433],[88.52132388477861,27.260664656828993],[88.52134533295434,27.260675121709784],[88.521373723310575,27.260692644892941],[88.521406983433991,27.260706870099817],[88.521440760986977,27.26072368497239],[88.5214772325875,27.260740144491844],[88.521492774340217,27.260748728802646],[88.521513186758426,27.260754015939209],[88.521549140929352,27.260767887384883],[88.521564682682111,27.26077647089501],[88.521582918482352,27.260784701449662],[88.521598460235097,27.260793285757025],[88.52164435067138,27.260812740589959],[88.521655861683428,27.260817621266646],[88.521663119172615,27.26082005122387],[88.521729945744923,27.260842419924007],[88.521752533882733,27.260844763638417],[88.521792218757057,27.260863457454001],[88.521807760509773,27.260872042553832],[88.521825995411717,27.260880272302884],[88.521979239914359,27.26096905868744],[88.521997475714613,27.260977289227828],[88.522015194085284,27.260982930106245],[88.522037160588923,27.260995983819683],[88.522058090436715,27.261003859806959],[88.52208378584713,27.261021737489425],[88.522102539975307,27.261032556089127],[88.52213580009871,27.261046781252556],[88.522195273960406,27.261081472149471],[88.522231746459255,27.261097932414522],[88.52225422949418,27.26111357497431],[88.522291738648875,27.26113521295337],[88.522309974449129,27.261143442682947],[88.522327692819815,27.261149084351487],[88.522345927721759,27.261157314080034],[88.522384413345165,27.261170772631516],[88.52243607276219,27.261193284997805],[88.522451614514949,27.26120186927362],[88.522473108504727,27.261210846429094],[88.522510675151608,27.261220673227321],[88.522528910951849,27.26122890295056],[88.522546629322534,27.261234543816204],[88.522564866021114,27.261242773538438],[88.52258258349346,27.261248414403383],[88.522600820192039,27.261256644124586],[88.522653973507389,27.261273566716479],[88.522672210206011,27.261281797234336],[88.522692622624191,27.261287084345572],[88.522725364419657,27.261298719822385],[88.522742564462419,27.261301771030539],[88.522760282833062,27.261307412691039],[88.522767743341532,27.26131705981004],[88.522790226376458,27.261332702339011],[88.522811674552187,27.261343167156927],[88.522888763478264,27.261396798434966],[88.522910211653993,27.261407262448291],[88.522951968043344,27.261436313176166],[88.522973416219074,27.261446777984325],[88.522993206104772,27.26146277504478],[88.523012478560887,27.261476181654473],[88.523031232689064,27.261487001807062],[88.523045634479701,27.261503706363815],[88.523069776702968,27.261513816616077],[88.523087390869051,27.261532757865009],[88.523103450949719,27.261543930165956],[88.523117335310729,27.261558046663215],[88.523266538292901,27.261681906512511],[88.523293788687056,27.261707549825708],[88.523326945504181,27.261735074477752],[88.523341637450656,27.261745296503687],[88.52334626197775,27.261748520182771],[88.523376162401959,27.261773772199373],[88.523394916530165,27.26178459152446],[88.523431283926129,27.261814350452386],[88.523429083951996,27.26181965590456],[88.523421957616861,27.261836833941214],[88.523404135939913,27.261844492668033],[88.523375538072841,27.261853568789643],[88.523358751255159,27.261866405200017],[88.523328495098042,27.261881013552308],[88.523281556327845,27.261895158753923],[88.523250781842805,27.261907178261112],[88.523219489029898,27.261916608127336],[88.523171411195904,27.261938874394772],[88.523156800996105,27.26194876820534],[88.523141155038829,27.261953482737525],[88.523126026511108,27.26196078770673],[88.523111415413027,27.261970679918253],[88.523095769455708,27.261975394449536],[88.523065513298633,27.261990002787478],[88.523049867341314,27.261994718116455],[88.523036799548876,27.261996437354867],[88.523033703056115,27.261996844605978],[88.523004585962795,27.26200333107754],[88.522982102029545,27.261987689441412],[88.52294821937366,27.261984174305226],[88.522817973538935,27.261982705805522],[88.522801810152018,27.261984831496765],[88.522765750878207,27.261984260546615],[88.522744198497904,27.261987094535375],[88.522724304407618,27.261984397095549],[88.522691976735501,27.261988650074965],[88.522652187656632,27.261983254396768],[88.522610741186043,27.261983391744213],[88.522593540244998,27.261980339756242],[88.522562352534962,27.261976470870241],[88.522534376302062,27.261974835477343],[88.5225010119741,27.261973909979073],[88.522463916942755,27.261968160550612],[88.522394494239265,27.26196666250506],[88.522354705160396,27.261961267624315],[88.522319682542431,27.261965874354193],[88.522184324395425,27.261971341901081],[88.522168402655296,27.261969828683441],[88.522133380037317,27.261974435412938],[88.522116698322478,27.26197397306311],[88.522065511419314,27.261980704685197],[88.522048828806149,27.261980241536818],[88.522035358568459,27.261982013478576],[88.522019712611154,27.261986728807898],[88.522000336848791,27.261986620207601],[88.521900656191605,27.26199972970041],[88.521883974476765,27.261999267350657],[88.521851645906324,27.26200351953095],[88.521832269245678,27.262003410930671],[88.521804811340687,27.262004364377301],[88.521785953007921,27.262006845414604],[88.521769270394785,27.262006381467817],[88.521723472484965,27.262012405589118],[88.521706789871843,27.262011943239415],[88.521685755819462,27.262017366864814],[88.521669073206297,27.262016902918067],[88.521619441286873,27.262031402650322],[88.521603276103335,27.262033528340595],[88.521571984188711,27.262042958196108],[88.521556854762693,27.262050262360887],[88.521509915992496,27.262064407540976],[88.521492094315548,27.26207206625212],[88.521462054652474,27.262081428229241],[88.521447848694535,27.262085856083196],[88.521431684409336,27.262087981772439],[88.521413861834091,27.262095640481956],[88.521394486970067,27.262095531881751],[88.52136050010958,27.262105315481151],[88.52134381749643,27.262104853131831],[88.521308794878465,27.262109459057221],[88.521293148921146,27.262114174381132],[88.521244656065505,27.262120551447136],[88.521229009209875,27.262125266770564],[88.521196681537759,27.26212951894605],[88.521179998026298,27.262129055798283],[88.521161658021441,27.262134124870407],[88.521061978262594,27.262147234345839],[88.521045295649429,27.262146771996683],[88.521029132262527,27.262148897684796],[88.521005403264283,27.262154675052454],[88.520989238979084,27.262156801538922],[88.520973593021779,27.262161516062278],[88.520941264451338,27.262165767437864],[88.520924063510279,27.262162715454892],[88.520905206075795,27.262165195690134],[88.520897537158248,27.262182146890826],[88.520898468711167,27.262200624878457],[88.520880334420539,27.262248180528811],[88.520872147175055,27.262262542883786],[88.52084147330136,27.262330347611673],[88.520833286954186,27.262344709956054],[88.520825618934936,27.262361661927912],[88.520768313606311,27.262462196674178],[88.520757432313275,27.262476913547975],[88.520747587676098,27.262496808075227],[88.520721474549063,27.262532128558117],[88.520699609555081,27.262574860162804],[88.520691423207893,27.262589222475579],[88.520678261990653,27.262620182172896],[88.520678475789694,27.262635528265026],[88.520705095566512,27.262699023118035],[88.520757311040711,27.262835640537858],[88.52076580730666,27.262850465163176],[88.520780104892708,27.262880470550098],[88.52078372959491,27.26289859387656],[88.520795334031746,27.262928952997026],[88.520803829399355,27.262943778408435],[88.520821753484242,27.262991906282917],[88.520829627217708,27.263017442291716],[88.520848068732192,27.263068158948681],[88.520851176004754,27.263083692632087],[88.520856978223165,27.263098872567348],[88.520865473590831,27.263113697956086],[88.520871275809242,27.263128877088715],[88.520879771176865,27.263143702473471],[88.520885573395276,27.263158882400536],[88.520894068762928,27.263173707781299],[88.520897695261752,27.26319183105991],[88.520920384010864,27.263249960322373],[88.520928879378516,27.263264786489483],[88.520953641439306,27.263333270946895],[88.520962136806958,27.263348096304387],[88.520984826454409,27.263406226283657],[88.520993841048281,27.263423640437477],[88.521003889603051,27.263446232199747],[88.521013422524845,27.263466235950951],[88.521026580148799,27.263504362926245],[88.521043985007438,27.263549901754981],[88.521051859639215,27.263575437635669],[88.521060355006867,27.26359026296085],[88.521078279091725,27.263638389756942],[88.52108190469221,27.263656512959859],[88.521087706012324,27.263671692816914],[88.521096202278272,27.263686518129294],[88.521166860165266,27.263873852222201],[88.521172144954065,27.263886442455796],[88.521190172345186,27.263921270610325],[88.521195974563597,27.263936451229732],[88.521229957830798,27.263995752326132],[88.521241562267676,27.264026111147],[88.521250057635285,27.264040936412119],[88.521285905805016,27.264137191988898],[88.521294402070964,27.264152017239194],[88.521319163233471,27.264220502747087],[88.521321932739482,27.264229486046933],[88.521327036966937,27.264246038473736],[88.521330662567422,27.264264161577596],[88.521335429028312,27.264274162980822],[88.52134123034844,27.264289342753539],[88.521345375175144,27.264310053837253],[88.521371694016338,27.264379834438248],[88.52138070411867,27.264403721196359],[88.521388682056681,27.264415957628206],[88.521393965947183,27.264428548598953],[88.521402358008558,27.264456672261318],[88.521415620735439,27.264481499652053],[88.521428735240264,27.264516713302186],[88.521433544820297,27.264529627659417],[88.521442040187935,27.264544452857361],[88.521477061009293,27.264607762962253],[88.521452739122978,27.264628095491677],[88.521376065218519,27.264692194478972],[88.521338662963373,27.264711978415182],[88.521312422275571,27.264727043142404],[88.521541955305395,27.265058539289289],[88.521987127122543,27.26578184046701],[88.522197065201084,27.266043210599726],[88.522367505254877,27.266232210387429],[88.52256708036829,27.266390179349987],[88.522751723685062,27.266504491751515],[88.522863925060648,27.266556940358626],[88.523074041903939,27.266603878503311],[88.523338620907936,27.266632733039803],[88.523495679657259,27.266623040867621],[88.523945116675378,27.266566776266359],[88.524256595822052,27.266544981241545],[88.524568651687147,27.266536267222929],[88.524723122390142,27.266554070553934],[88.525051389252837,27.266638228304625],[88.525165929841449,27.266729589238238],[88.525280470430062,27.266820950096776],[88.525421318181756,27.266912172740401],[88.525594203449785,27.2670371812493],[88.525862818584358,27.267237989871042],[88.526127654506524,27.267411887333942],[88.52636710673373,27.26758962446992],[88.526517963514323,27.267728789452253],[88.52652766981096,27.267742150590905],[88.526555698146154,27.267780734433046],[88.526578740831511,27.267819680776149],[88.526624392315938,27.267916566283017],[88.526684487811806,27.268003852278277],[88.52684167951179,27.268190816583065],[88.527005247453658,27.268353552118704],[88.527253244455864,27.268567482252092],[88.527484590285923,27.268748310065259],[88.527720699881925,27.268897651847261],[88.527827798826706,27.268987402782567],[88.527903525008526,27.269037743825436],[88.528083339880666,27.269204390672126],[88.528299622760031,27.269401990286823],[88.528499858135191,27.269620622229258],[88.528621183699144,27.269717800005616],[88.528871696882433,27.269899187275222],[88.529101030486231,27.270060775298603],[88.529470351255753,27.270341084700394],[88.529583821052569,27.270432430613642],[88.529637525933495,27.270480394753577],[88.53003965497382,27.270785462807101],[88.530593610975231,27.271205708716906],[88.530930041727231,27.271460931501178],[88.530962081938455,27.271485237527923],[88.531213197891319,27.271452117261514],[88.531785182182148,27.27143623901264],[88.53270890541576,27.271081290970216],[88.532909607016549,27.27100614488652],[88.532991874730271,27.270963358234535],[88.533010414161083,27.270955007066423],[88.533059039069116,27.270928426090119],[88.533100496319491,27.270906944919822],[88.53311316795488,27.270901237473655],[88.533120456885101,27.270896602369223],[88.533246497705974,27.270831293287941],[88.533262254156071,27.270823789284599],[88.53328014500326,27.270813859534321],[88.533323265035207,27.270787884561788],[88.533367302247086,27.270767113202837],[88.533387486493197,27.270754277820167],[88.533424642609987,27.27074222253993],[88.533478773292344,27.270715033877906],[88.53352849055176,27.270691678659396],[88.53364437322341,27.27063576584715],[88.533643914184296,27.270633162836567],[88.533829004862071,27.270643137317276],[88.533903923458439,27.270642057786585],[88.533978783664324,27.270495442729668],[88.533996214574117,27.27048290993595],[88.534019151258263,27.270469770303112],[88.534067776166282,27.270443187613839],[88.534090252912989,27.270427447356305],[88.534138417883597,27.270398262439286],[88.534161813606843,27.270387725014373],[88.534202181200769,27.270362053361403],[88.53422511788493,27.270348913714287],[88.534255392008305,27.270329660168013],[88.534298512040252,27.270303684283846],[88.534347595987384,27.270279704573781],[88.534448514523049,27.270215524170176],[88.534484294420807,27.270195663761577],[88.534509064566436,27.2701770170281],[88.534535212727747,27.270166176162491],[88.534580625260276,27.270137294596665],[88.534601267647218,27.270127060566796],[88.534624661573829,27.270116523914613],[88.534688423992705,27.270080313946465],[88.534696222267669,27.270076801461553],[88.534741634800255,27.270047920670955],[88.534779356855651,27.270023273381508],[88.534823398559084,27.270008910432189],[88.534898061135621,27.269996188345264],[88.534924667437707,27.270003865673367],[88.534954073788541,27.270014703360879],[88.535116632024028,27.270094218562882],[88.535278358419575,27.27017972624623],[88.53530267222105,27.270190307606896],[88.535354509504515,27.270213770724528],[88.535383411900469,27.270234456750327],[88.535432037706784,27.270255621855611],[88.535475618574495,27.270279994419127],[88.53553433874967,27.270310655741625],[88.535571954803856,27.270333034509349],[88.535602691559646,27.270348212656248],[88.535654070702307,27.270369073522264],[88.535691229514043,27.270388849261916],[88.535720131011686,27.27040953605362],[88.535738479999679,27.270418122811694],[88.535788807215155,27.270443692247436],[88.535930664673231,27.270531161503371],[88.535986296440484,27.270565462981352],[88.536043680820839,27.270579062521545],[88.53606760475347,27.270586802888509],[88.53608182598272,27.270587744284438],[88.536108007381685,27.270592555065143],[88.536158115408213,27.270605107009732],[88.536202240654987,27.270615723462576],[88.53622518901723,27.270618268185284],[88.536269314264004,27.270628884636842],[88.536295496561252,27.270633696214215],[88.536318444923509,27.270636240936472],[88.536358847551725,27.27064199390901],[88.536370810416386,27.27064586329189],[88.536396992713648,27.270650674868524],[88.536419941075906,27.270653219590439],[88.536442400754638,27.27065316689146],[88.536453874935759,27.270654438853164],[88.536476334614491,27.270654386154185],[88.536542247600153,27.270646434197563],[88.536590707218139,27.270635274788397],[88.536612190428158,27.27063002564978],[88.53667517490598,27.270606486765409],[88.536695681647288,27.270596042781182],[88.536722168473432,27.270587534286893],[88.536737182016793,27.270577752232452],[88.53675543039347,27.270570237831851],[88.536947884561627,27.270432977566241],[88.536990462011161,27.270401078647208],[88.537073585819343,27.270335259051393],[88.537116674410257,27.270295523900934],[88.537162996037878,27.270258054800472],[88.537201079216032,27.270221580584039],[88.537243191338234,27.270176649730612],[88.537285790347326,27.270134317090516],[88.537314352281768,27.27010696060038],[88.537355975720473,27.270059431467459],[88.537394851212696,27.270012235277875],[88.537425000470279,27.269963433336393],[88.537440318542494,27.269940331874825],[88.537454661044322,27.269912034733785],[88.537466256498007,27.269884068952614],[88.537491401241141,27.269838528726176],[88.537510563204464,27.269791052976334],[88.537548280768291,27.269722741774004],[88.537684963032021,27.269522455852808],[88.537724717974939,27.269480949388068],[88.537761823786042,27.269439279219831],[88.537783123739757,27.269418113160622],[88.537830726364987,27.269372519245227],[88.537872837588878,27.269327588048601],[88.537916412168357,27.26929045078915],[88.537950467300774,27.269262432151944],[88.537952071691876,27.269262240516895],[88.537953213450606,27.269262099984545],[88.53819237013208,27.269168258657871],[88.538228041333682,27.269162124734081],[88.538256535894476,27.26917236923304],[88.53827075622543,27.269173309842493],[88.538296938522691,27.26917812068438],[88.538322633034767,27.269180334070803],[88.538372739264688,27.269192884577947],[88.538396175412146,27.269198027586597],[88.538447259009104,27.269215773799232],[88.538471182941734,27.26922351346267],[88.53849559555789,27.269233851378083],[88.538546678256537,27.269251598383462],[88.538618450952782,27.269274818163076],[88.538670023233266,27.269295163413037],[88.538693948064221,27.269302903070905],[88.53870639781573,27.269309370751202],[88.538745519446351,27.269323246718773],[88.538919742305822,27.269425789730189],[88.538944422619934,27.269440052146614],[88.538999900775252,27.269481177752706],[88.539071064413761,27.269531037888559],[88.539091937667678,27.269552429895327],[88.539111345769399,27.269566027962529],[88.539141922625035,27.269594218195738],[88.539177504893445,27.26961914903956],[88.53919837814739,27.269640541029407],[88.539301318790748,27.269755049707367],[88.539297154201066,27.269760457783992],[88.539158947496304,27.269939921458949],[88.539052687577964,27.270015401227116],[88.538885674596969,27.270113966404846],[88.538774286196698,27.270196318509175],[88.538728221487247,27.270241978359849],[88.538636870907681,27.270342722365669],[88.538583811915416,27.270458710685098],[88.538572699755349,27.270517590702251],[88.538572899181347,27.27070916353421],[88.538589344639277,27.270804546999127],[88.538626000394444,27.270936689428847],[88.538702918640638,27.271101524104239],[88.538922515405091,27.271421972061557],[88.539073784512439,27.271590167544989],[88.53926168961199,27.271761332251923],[88.539396452175964,27.271832213245453],[88.539693552888195,27.271965153711786],[88.539930272440259,27.272053813071665],[88.540159178446046,27.27217077212784],[88.54030350177959,27.272228421612649],[88.540653452176599,27.27237025002912],[88.540860869582446,27.272435885573255],[88.54109222529398,27.272563459695661],[88.541268610398333,27.272679199773506],[88.541273336435069,27.272682300971962],[88.541333171419495,27.272700621515646],[88.541334871032007,27.272701166860156],[88.541535219594891,27.272765515899174],[88.541812127077847,27.272848408987318],[88.542045825595636,27.272915834380971],[88.542180687872616,27.272988482412252],[88.542336945324706,27.273110683118926],[88.542512344078858,27.273275357275313],[88.542655039665135,27.273457694482804],[88.542717405203732,27.273561628569261],[88.542812251128069,27.273683849405362],[88.542912478859265,27.273813005415029],[88.543035650461107,27.273945791008845],[88.543256419527012,27.274119348219756],[88.543484119095353,27.274301322347721],[88.543591602519101,27.274386329364678],[88.543736930169132,27.27451382539622],[88.543981683354829,27.27471570798599],[88.544139623351427,27.274834369707218],[88.544321524111623,27.27496496316575],[88.544454422671379,27.275035838123873],[88.544802484809694,27.275280262845587],[88.545050447675905,27.275437918737499],[88.545357612214261,27.275703149743034],[88.545566780436573,27.27586961732813],[88.545828714800365,27.276112199834404],[88.546013281760352,27.276273338890203],[88.546131211692554,27.276400495021679],[88.546273915363614,27.276582828698412],[88.546414696639999,27.276729779047734],[88.546735246974407,27.277018403180122],[88.546968445130588,27.277179582439775],[88.547165767269249,27.277310573151354],[88.547300444493303,27.277379678110847],[88.547654941263986,27.277604641794206],[88.547847324465209,27.277737480343479],[88.547954085643482,27.277774717776268],[88.548134710795964,27.277863319007363],[88.548350115123,27.277976592046585],[88.54856534877014,27.278120445095006],[88.548686787521817,27.278220076154213],[88.548856211581025,27.278333783167067],[88.548931702404232,27.278382334723098],[88.549029317834595,27.278431646347524],[88.549130402558589,27.278454697340802],[88.549312949207462,27.27846250183071],[88.54954551405136,27.278447376688867],[88.549870310722127,27.278378467206391],[88.550023640564703,27.278343319425698],[88.550034106836094,27.278329435003336],[88.550103339096736,27.278324671664013],[88.550260498457362,27.278300178707305],[88.550408997160346,27.278285616425624],[88.550437896861339,27.278284212812878],[88.550462804449225,27.278283003214828],[88.550521190451121,27.278271490874829],[88.550614549663663,27.278270367505446],[88.550816115443752,27.278230449161438],[88.550914754953496,27.278215504429813],[88.551044017133009,27.278208051225221],[88.551194749946106,27.278180686343077],[88.551292664515429,27.278185404178892],[88.551421739845338,27.278181871191332],[88.551612830370914,27.2782129830351],[88.551684616541905,27.278234567385585],[88.55170081945468,27.278239439313179],[88.551926202267879,27.278316325041114],[88.551992001167505,27.278337151676464],[88.552094069546712,27.278375793318332],[88.552281727609582,27.278432496657878],[88.552415108564645,27.278484938837892],[88.552556754918626,27.278597226801086],[88.55270570727086,27.278725150740193],[88.552761920248059,27.278798785003133],[88.552855144713305,27.27896177486857],[88.552923436437823,27.279064136530394],[88.553001987821204,27.279175927298365],[88.553082055560807,27.279299092064115],[88.553112282971796,27.279345589695779],[88.553162356862359,27.279424586443085],[88.553294055272914,27.279583101926242],[88.553356916681551,27.279666857794627],[88.553478266500036,27.279801009647649],[88.553566496332294,27.279891337805424],[88.553735874577413,27.280206325703031],[88.553802056159341,27.280340503251868],[88.553863139802033,27.280464346164077],[88.55399485078901,27.280623839797784],[88.554039850096501,27.280690475649102],[88.554067568512906,27.28073945810803],[88.55413889833973,27.280894885915547],[88.554212810823017,27.281025505783806],[88.554267613445234,27.281113637361994],[88.554367181812992,27.28120763067572],[88.554437807360628,27.28125717657225],[88.554625974768271,27.281340805032588],[88.554725484745546,27.281394226265483],[88.554810643237857,27.281426923614539],[88.554967443272389,27.281482094880339],[88.55500238144873,27.281491769788847],[88.555080106382064,27.281513291227842],[88.555342936366202,27.281584173984953],[88.555480391181064,27.281615725587617],[88.555641201295046,27.28165063840472],[88.555675665160919,27.281658120918859],[88.555922542862234,27.281678259513875],[88.556148427833676,27.281676548563759],[88.556369306494048,27.281679223170762],[88.556713437604671,27.281664215031803],[88.557017501158668,27.281635012307699],[88.557070664355493,27.28162483123204],[88.557240033617489,27.281610437048148],[88.557346571115261,27.281612610267448],[88.557579860001269,27.281631541704293],[88.557735526361895,27.281643400995954],[88.55784382904919,27.281687611057311],[88.557988430860476,27.281749059133194],[88.558094042195165,27.281799339306392],[88.558244865738104,27.281873179112971],[88.558277689280288,27.281896718006021],[88.558352630334539,27.281950460722044],[88.563567762885555,27.282682166722847],[88.563671079024701,27.282590121914243],[88.563733223577742,27.282512439162939],[88.563856689827034,27.282354937018319],[88.563935366974562,27.282261497956704],[88.56399164193553,27.282229240764089],[88.564057178527079,27.282160443804575],[88.56413946151217,27.282044381472915],[88.564289861948609,27.281903390139217],[88.564384198528174,27.281844139315123],[88.564532274124659,27.28176847995957],[88.564673279081546,27.281705209968571],[88.564842188406089,27.281597526272375],[88.564950787537427,27.281504243058436],[88.565019103516448,27.28144664070058],[88.565133987261532,27.28137545366825],[88.565221858666007,27.281312770272105],[88.565374352177045,27.281164200454157],[88.565507079158593,27.281047190984015],[88.565682401555975,27.280887667619041],[88.5657578878876,27.28079893387067],[88.565948624476917,27.28062105738168],[88.566094456980153,27.280514785001586],[88.566276284078484,27.280356133522972],[88.566483168783378,27.280145751023177],[88.566570199364747,27.280063181142374],[88.566610548094033,27.280024054658927],[88.566690636494869,27.279941717821284],[88.566786271140032,27.279876951380928],[88.567003467606042,27.279771427990365],[88.567116918538247,27.279741836744321],[88.567333511336372,27.279705428714472],[88.567477573260163,27.279667264980969],[88.567783179221522,27.279624415396061],[88.567879723860045,27.279611217762092],[88.568040225851874,27.279606383419647],[88.568202815528409,27.279601848478933],[88.568220877055509,27.279602883211894],[88.56835416458577,27.279610512770457],[88.568364500601447,27.27961110438855],[88.568458929707461,27.279626056118133],[88.568574813277436,27.279644405856409],[88.568654673506202,27.279649169937564],[88.568652700805842,27.279610361871899],[88.568648997950234,27.279537510584259],[88.568642726811234,27.27941413849712],[88.568642421384055,27.279361831686462],[88.568647990040489,27.27928849081216],[88.568650968853973,27.279271156589356],[88.568672127772174,27.279148063649384],[88.568674715818503,27.279138972173328],[88.568677282305273,27.279129957343702],[88.568687318283622,27.279094713991665],[88.568698610106736,27.279055056225182],[88.56870862272892,27.278999292132784],[88.568708714357044,27.278920389295465],[88.568692968686761,27.278819513343542],[88.568679835317297,27.278784391251502],[88.568659761563964,27.278766612235085],[88.568601496834646,27.278715004528006],[88.568537418208791,27.278659002338213],[88.568459274660555,27.278590704570867],[88.568302048824563,27.278483250194174],[88.568248133737839,27.27837978219404],[88.568227734794391,27.278305049833641],[88.56811074360165,27.277876463354968],[88.56813978882974,27.277736578130583],[88.568091153141964,27.277743707208955],[88.568044796480038,27.277741942704214],[88.567986395206773,27.277757952589607],[88.567957332012384,27.277770792752332],[88.567933717998514,27.27776820667566],[88.567905116538185,27.277769941638468],[88.567881234826359,27.277765056915594],[88.567854198231245,27.277767738004147],[88.567815863524814,27.277765928788352],[88.567806680047653,27.277751073417107],[88.567738296694969,27.277426680349201],[88.567700120092013,27.277241011451498],[88.567699361015613,27.277169178195955],[88.567698894789984,27.277125141989682],[88.567764214887561,27.276818657367102],[88.567667928963843,27.276598067470637],[88.567614440576861,27.27641419125608],[88.567542101043671,27.276334346034236],[88.567497161923271,27.27624383773351],[88.567422832621702,27.276190441969298],[88.567370843522951,27.276156959021112],[88.567335507392926,27.276147396226659],[88.567310242275553,27.276100429376541],[88.567321607760547,27.276039410926057],[88.56733028189295,27.276033191150951],[88.567350123880928,27.276018961517824],[88.567373165667988,27.276031991109576],[88.567428315039891,27.276063177010908],[88.567446085512842,27.276029950320648],[88.567454461404537,27.276014289898995],[88.567459074253534,27.276016123096223],[88.567478635068838,27.276013917830227],[88.567493215624225,27.27601339246273],[88.567507975842659,27.276010609132715],[88.567542297774693,27.276005620536459],[88.567557238554528,27.276000579243551],[88.567587299777188,27.275988241089401],[88.567602059995636,27.275985459355613],[88.56763194155522,27.275975378364596],[88.567647061099763,27.275968080703834],[88.567682461908475,27.275949548316056],[88.567713063916969,27.275930438659248],[88.567728003798464,27.275925398161366],[88.56774570330451,27.275916132363534],[88.567760465319566,27.275913349031072],[88.567792746279309,27.275903557065796],[88.567807325936371,27.275903030899361],[88.567822087053102,27.275900247566568],[88.567844048166847,27.275898330532105],[88.567861463805272,27.275897995989229],[88.567912695624244,27.275912556986956],[88.567924093448582,27.275915796223863],[88.568020820445113,27.275960604193969],[88.568043141783278,27.275954172031714],[88.568055681366346,27.275948843301201],[88.568087962326075,27.275939051339044],[88.568117123436807,27.275937999804867],[88.568131525227443,27.27593973160258],[88.568148506081272,27.275939493670016],[88.568224410129517,27.275960014153263],[88.568266533929815,27.275978752534513],[88.568299416760809,27.275991821254124],[88.568321626707885,27.276005446478518],[88.568327137872132,27.276008827833422],[88.568388884471531,27.276054992299539],[88.568404604988999,27.276070556105346],[88.568415526706204,27.276085541046978],[88.56842404812501,27.276100239350143],[88.568432750105146,27.276112679690936],[88.56844607122251,27.276127955255411],[88.568459572901233,27.27614097205953],[88.568488974760456,27.276167296291611],[88.56851705789289,27.276179788522811],[88.56854993982553,27.276192857218785],[88.568573941013284,27.276195742743191],[88.56858852246701,27.276195217376536],[88.568602922461011,27.276196947573386],[88.56862968417164,27.276195607808607],[88.568674505612719,27.276180486350338],[88.568719866941322,27.276158593406972],[88.568745127567098,27.276145678803946],[88.568776088003375,27.276122054857296],[88.568793608744684,27.276115045439443],[88.568803388703188,27.276113942008994],[88.568817969258546,27.276113416641969],[88.568846771043184,27.276116879433438],[88.568865791971021,27.276121444856742],[88.568898674801986,27.276134514357992],[88.568941338489793,27.276146479629144],[88.568960179754555,27.27615330221245],[88.568988261090354,27.276165793646797],[88.569016703548854,27.276173771556731],[88.569030744216747,27.276180017672147],[88.569090028533921,27.276196260125548],[88.569108869798669,27.276203082705788],[88.569136952032778,27.276215574932994],[88.569153573560499,27.276219851320807],[88.569179255496152,27.276232054514715],[88.569193183874617,27.276235961229123],[88.569250360744149,27.276251997679669],[88.56926530152397,27.276246957994786],[88.569280061742376,27.276244174670619],[88.569312522365195,27.276232124776488],[88.569344444897112,27.276226847158764],[88.569359024554174,27.27622632099385],[88.569371565933849,27.276220992276368],[88.569401086370732,27.276215425626692],[88.569416027150524,27.27621038514172],[88.569430787368972,27.27620760181664],[88.56947560881008,27.276192480360013],[88.569490369926825,27.276189697034489],[88.569505489471368,27.276182399387771],[88.56953537103098,27.276172318414652],[88.569550491473819,27.276165020766793],[88.569565431355315,27.27615998027952],[88.569597891978091,27.276147930376251],[88.569627593874671,27.276140106561481],[88.56965711520985,27.276134539907734],[88.569681144245379,27.276127142453646],[88.569694376429524,27.276123067266639],[88.569709136647958,27.27612028393937],[88.569753958089066,27.27610516326931],[88.56976907853192,27.276097865617032],[88.569791938859282,27.276084661176753],[88.569816479036191,27.276080775216176],[88.569838620711323,27.276076600223657],[88.569853561491144,27.276071558933992],[88.569911462402757,27.27604433724321],[88.569977643086389,27.27600443726185],[88.570005152195336,27.275990277088514],[88.570042882335557,27.275967670310184],[88.570057505111791,27.275975296924635],[88.570072445891569,27.27597025642876],[88.570096385095596,27.275943508981413],[88.570121825384419,27.275928336389228],[88.570147985223826,27.275904134331878],[88.570156264995774,27.275891456833534],[88.570172644876692,27.275868358999453],[88.570178523451887,27.275855391666205],[88.570192502136024,27.275832004792207],[88.570204261083092,27.275806072510985],[88.57022064096401,27.275782973062306],[88.570237199609636,27.27575761803649],[88.570258558852117,27.275732838675019],[88.570266838624093,27.275720161157082],[88.570277338133138,27.275710028243864],[88.570293718014042,27.275686930372114],[88.570306977147638,27.275672572146856],[88.570317836881117,27.275657924886865],[88.570333317548403,27.275646112862304],[88.570341416758993,27.275635692506267],[88.570360196040028,27.275612882853622],[88.570396149312614,27.27555673538221],[88.570424146206761,27.27554116511698],[88.570434276508223,27.27553739810412],[88.570449254118955,27.275534660272942],[88.570466858403591,27.275529942324575],[88.5705002254265,27.275513345268855],[88.570516183997512,27.27549918024236],[88.570527085053484,27.275486689531515],[88.570538105585413,27.275444182459843],[88.570536852435595,27.275430164336566],[88.570525995397063,27.27538490823034],[88.570519879666591,27.275370277699555],[88.570516316049876,27.275325938173221],[88.57051992368406,27.275312530838516],[88.570521100477094,27.275298818499579],[88.570528316643731,27.275272003821986],[88.570558708446441,27.275204210181638],[88.570578274651652,27.275176637764613],[88.570749034505681,27.275047941643049],[88.570762365504507,27.27503575588474],[88.570807025248868,27.275002096932266],[88.570831061470898,27.274979706329685],[88.570870466969154,27.274950007615242],[88.57088379796798,27.274937821846194],[88.570899560706266,27.274925941877825],[88.570915126713516,27.274916348636751],[88.570928262777898,27.274906447995942],[88.57098264498859,27.27487401061601],[88.570995781052972,27.274864111568291],[88.571011347060221,27.274854516725039],[88.57102448132801,27.274844617675551],[88.571048517550054,27.274822227041241],[88.571061652716139,27.274812327190467],[88.571074592049499,27.274804713271241],[88.571098823205972,27.274780036695997],[88.571111959270368,27.274770137639919],[88.571125290269194,27.274757951851139],[88.571138425435251,27.274748051994642],[88.571151756434077,27.274735867800327],[88.571164892498501,27.2747259671434],[88.571178224395624,27.274713782148247],[88.571191358663384,27.274703882287806],[88.571261034691759,27.274636405281868],[88.571282051676135,27.274620565813102],[88.5713002452556,27.274608991613693],[88.571313576254425,27.274596805807271],[88.571358235998744,27.274563146721821],[88.571373802006036,27.274553552651003],[88.571392191418198,27.27453969330524],[88.571406949839982,27.274531157167399],[88.57141943732077,27.274525493023187],[88.571570884294502,27.274459744535925],[88.571866542312392,27.274287004664082],[88.571996262632695,27.274223944395754],[88.572033321731411,27.274203616016891],[88.572100731310343,27.274166639277055],[88.572208325226853,27.274102817224282],[88.5723483465285,27.274011061531471],[88.572484073883089,27.273888580761778],[88.572514530364487,27.273855739070932],[88.572524954415059,27.273850236976912],[88.572638326295476,27.273729279467421],[88.572690097103603,27.273627950075117],[88.572709620189684,27.273606098148168],[88.572722021432185,27.27351148998601],[88.572738771418969,27.273321462993202],[88.572737494014618,27.2733096978289],[88.572740354250513,27.273159454934245],[88.572743601660264,27.273097461556194],[88.572758917037532,27.272805134390779],[88.572765036361275,27.272720235552619],[88.572785714680791,27.272491357530601],[88.572790313156744,27.272348308427652],[88.572789499283061,27.272331971992333],[88.572789012396214,27.272239202392758],[88.572808645076734,27.271996272885268],[88.572830906227779,27.271605386241834],[88.57282983723259,27.271493994275612],[88.57283629611949,27.271381332639759],[88.572847852047289,27.271267061982808],[88.572814137376355,27.271234558864986],[88.572785870987659,27.271221354645309],[88.572604598149837,27.271233206264924],[88.572407574251827,27.271254454220387],[88.572377459130237,27.27125953325648],[88.572318738056737,27.271279171501732],[88.572306113133735,27.271282049169074],[88.572284912893025,27.271272145809093],[88.572259310907455,27.271256994936152],[88.572244132074104,27.271236341039273],[88.572236019388754,27.271218989591105],[88.572212838362844,27.271155506790468],[88.572201941798454,27.271116908150464],[88.57214662893314,27.270858913094202],[88.572090415057602,27.270707399716265],[88.57208171936567,27.270671426287507],[88.572080904593705,27.270655090404141],[88.572088543866883,27.270628342476005],[88.572090161732703,27.270612343540524],[88.572101728440288,27.270546744447593],[88.572116543455948,27.2704978205748],[88.572117236057053,27.270490964108525],[88.572160535752076,27.270404288501286],[88.572094228405987,27.270181842997545],[88.572084377480579,27.270157296345388],[88.572025986088818,27.270100500152804],[88.571990532279472,27.270060801648228],[88.571821536716655,27.269813082914904],[88.571773046555933,27.26974778756955],[88.571687192767598,27.269645452459098],[88.57160783290044,27.269576468051138],[88.571517820810683,27.269526960064265],[88.571526282042342,27.269576753107462],[88.571530920044154,27.26967461761188],[88.57154683459774,27.269764970769032],[88.571546615408778,27.269815927882746],[88.571589300656157,27.270076801461553],[88.571597886753651,27.270138252764337],[88.571566710721683,27.270170884756897],[88.571538285331158,27.27018548004088],[88.571473878820228,27.27021854878403],[88.571455307948369,27.270229937396582],[88.571405069666099,27.270260744054809],[88.571380776525885,27.270280495061105],[88.571329537520384,27.270299800516575],[88.571245957368035,27.270325619901158],[88.571156040499673,27.270356064026835],[88.57102477328047,27.270416244807762],[88.571015914993467,27.270420777727921],[88.571008068209451,27.270412285988119],[88.570996847353229,27.270384536718499],[88.570904358608217,27.270431186595886],[88.570836696602697,27.270231799434207],[88.570807145623121,27.270135474078042],[88.570782998908271,27.270075367403109],[88.570758391357685,27.269900285976529],[88.570758310509305,27.269893094113979],[88.570755665869115,27.269657220406767],[88.570758406629068,27.269601801331333],[88.570761448324603,27.269540277869002],[88.570761609123039,27.269374319015906],[88.570770504240969,27.2692265995864],[88.570790807963036,27.269039617061793],[88.570802616317437,27.268907908347803],[88.570805278025617,27.268791950349456],[88.570851128037731,27.268592628916917],[88.570885782346423,27.268492839909811],[88.570983961918813,27.268388758154437],[88.57109060182448,27.268335507134637],[88.571248543617742,27.268268116491242],[88.571388479579426,27.268259221351244],[88.571603594648948,27.268279336024506],[88.571782937905539,27.268344019793723],[88.571912602530276,27.268391859472583],[88.572108405617811,27.268443229234151],[88.57221513984662,27.268463759086384],[88.572374884558627,27.268483155884674],[88.572508020273617,27.26851161707884],[88.572744969794442,27.268584787802105],[88.572938651959603,27.268657140829838],[88.573166478190373,27.268765456689],[88.573287353698376,27.268840444591088],[88.573406662544514,27.26890102703053],[88.573561776441252,27.26901860503331],[88.573708855806103,27.269148310229344],[88.573850200326163,27.269319776529322],[88.573911475310013,27.269416259892616],[88.573981364239089,27.269511503934979],[88.574070012686306,27.269632311928806],[88.574174440041446,27.269750404973436],[88.574230090673296,27.269797872755902],[88.574290763785896,27.269847420545894],[88.57434705581484,27.26989339034812],[88.574397612100711,27.269934677078339],[88.574489086647787,27.270011651593382],[88.574489889741656,27.27001232790084],[88.574561166567889,27.270072306854075],[88.57468107189537,27.270152127031519],[88.574779916221033,27.2701257271166],[88.574812885290257,27.270116923151235],[88.574907512923986,27.270114222714742],[88.575032372460271,27.270157326687372],[88.575211227931646,27.270169096976208],[88.575228613027349,27.270169085797601],[88.575355801895171,27.270168999562536],[88.575655775419662,27.270158736790538],[88.575771377816949,27.270144586252542],[88.575968211272112,27.270128510594002],[88.576121049736258,27.27013673167313],[88.576326165658344,27.270159358002484],[88.576501359596634,27.270172106420343],[88.576860259010488,27.270226114310596],[88.576972044466132,27.270242936526639],[88.576972496318746,27.270243005195258],[88.577000821996279,27.270247267440393],[88.577157088431505,27.27026797342177],[88.577296721660986,27.270274771613327],[88.577539105989231,27.270272622126434],[88.577676212257799,27.270273991506098],[88.577825195152727,27.270280076661745],[88.577974095402652,27.27026765722681],[88.578105233264466,27.270221207697386],[88.578266112548675,27.270185929581011],[88.578338413454333,27.270193057546813],[88.578439499974948,27.270234645988268],[88.578527915758457,27.27027701292446],[88.578631711597964,27.270361691653839],[88.578740417628822,27.27047507534223],[88.578787383348498,27.270564812228312],[88.578791727601214,27.270640044046605],[88.578793245754056,27.270727802992205],[88.578784353331045,27.270798931371569],[88.578769426025957,27.270913120267629],[88.578742231327382,27.271042835229938],[88.578750712321977,27.271123835641578],[88.578784498858113,27.27122323343411],[88.578843367255303,27.271301099740349],[88.578887494298684,27.271359469092566],[88.579059641151531,27.271539033187445],[88.57917367329371,27.27164235025997],[88.579275996794465,27.271741177487236],[88.579337247523796,27.271832559777483],[88.579410228454122,27.271932570153623],[88.579476199830253,27.272000535861636],[88.579568592455558,27.272110053337169],[88.579680857611564,27.272230348291902],[88.579749207726579,27.272298372105226],[88.579826622741137,27.272375417642905],[88.579930479666061,27.272439183198799],[88.580026753911696,27.272480056979933],[88.580231886901771,27.27254554394646],[88.58034248658123,27.272579493482347],[88.58047558726193,27.272616556184968],[88.580606850887875,27.272658515001172],[88.580705558669607,27.272700061798911],[88.58078485026482,27.272752346194927],[88.58086997551942,27.272793286931041],[88.581032363973378,27.272825282574889],[88.581158912342374,27.272931591852075],[88.581178772296681,27.272991332089514],[88.58121990525521,27.273070574486706],[88.581263201356975,27.273232088434192],[88.581281663532678,27.273364511427381],[88.5812907086693,27.273444961612324],[88.581332405769828,27.273518591389731],[88.581392343162207,27.273593108194358],[88.581505823738809,27.273617290793823],[88.582204402212767,27.273787404018108],[88.582366001047518,27.273830108141315],[88.582525358585656,27.273870907155434],[88.582595794588769,27.273892549837427],[88.582661156907179,27.273963546044754],[88.58274588241153,27.274074344686696],[88.582780985877875,27.274153341987748],[88.582951760104933,27.274303729653823],[88.583133495575126,27.274464811448897],[88.583367747455142,27.274703898256622],[88.583696500306417,27.274977069088003],[88.583858121599064,27.275085638280316],[88.584011611341793,27.275152018759407],[88.584172301081495,27.275153307436781],[88.584251835221806,27.27510927282697],[88.584288681419821,27.275090102344418],[88.584341530206288,27.275051997706996],[88.584511990921357,27.275001568366239],[88.584631900740405,27.27497293796813],[88.584748249637698,27.274971876045132],[88.584822256444042,27.274977109808365],[88.584926631696931,27.275009263712644],[88.58500172097321,27.275048467813583],[88.585065841819855,27.275118595381151],[88.585214381845347,27.275267787280416],[88.585256609850248,27.27531917542181],[88.585307072711331,27.27587992029277],[88.585332318065753,27.276029225345511],[88.585330267211944,27.276221924841881],[88.585325330071171,27.276306040940018],[88.585294797232947,27.276436583166507],[88.585283718310549,27.276501438640793],[88.585396135281854,27.276399039487316],[88.585438604035232,27.276342889219425],[88.585470471769938,27.276312199220829],[88.585532415998657,27.276290149811345],[88.58557889213651,27.276260258227289],[88.585691526500085,27.276178024791669],[88.585783066624174,27.276088702831096],[88.585826961003917,27.276037685517352],[88.585847112012374,27.276011866661328],[88.585905070416175,27.275978788463927],[88.585955765042598,27.275958244031191],[88.586015596433768,27.275911701068292],[88.58607269514988,27.275871580672117],[88.586108122908044,27.275847157436729],[88.586139211803399,27.27583529034051],[88.586172762980965,27.275781000135545],[88.586218081190395,27.27571289222313],[88.586238113621235,27.275659580039303],[88.586255656820413,27.275586144901435],[88.586292987210356,27.275465115026911],[88.586305612133373,27.275410383106475],[88.586312535449281,27.275400083292009],[88.586265613747045,27.275355388473749],[88.586296408893276,27.275310880471501],[88.586301191523859,27.275324335712565],[88.586336996574474,27.275363690606653],[88.586368353167742,27.275317040404332],[88.586437186576404,27.275257013181573],[88.586476928942901,27.275223557098997],[88.586513882938732,27.275207426284528],[88.58654936549415,27.275176724794218],[88.586582616634388,27.275159883364051],[88.586657440907643,27.275145656812846],[88.586718746434229,27.275132410740657],[88.586820788762282,27.275126976577024],[88.586882930620405,27.275108532675521],[88.586944693389441,27.275104303352741],[88.587055615564068,27.275114861089875],[88.587101450304843,27.275114721363327],[88.587203870823643,27.275095071020846],[88.587296875201631,27.275041684285899],[88.587444771135068,27.275004124166639],[88.587462093348663,27.274991372310868],[88.587475992082759,27.27497617643397],[88.587493034920328,27.274965157984713],[88.58755258783377,27.274939072201004],[88.587608716369346,27.274910543188522],[88.587659747864024,27.274889967419192],[88.587712809551206,27.274880498731523],[88.587822538763163,27.274874751567456],[88.587962092042559,27.274849720500729],[88.588050066753254,27.274839147568077],[88.588059414622123,27.274838023365554],[88.588123687284096,27.274818200511202],[88.588156837813003,27.274813842628621],[88.588228974326967,27.274804457770617],[88.588279464137486,27.274795377117286],[88.588367708342801,27.274792655236627],[88.58847928808423,27.274787263373661],[88.588548277799731,27.274773703471944],[88.588627362782404,27.274756722253699],[88.588654500887145,27.274742280072093],[88.588683769795736,27.274726459780954],[88.588767394863837,27.274704991321332],[88.588943244572278,27.274679776575081],[88.589059915066443,27.274661170515937],[88.589129468923943,27.274649406291886],[88.589189200602149,27.274634071439532],[88.58926958005712,27.274620909941142],[88.589323856266589,27.274592024742233],[88.589415624562747,27.274579260862527],[88.589425806966503,27.274578696364657],[88.589494548746998,27.274574879815802],[88.589502294919711,27.274574450254438],[88.589560733023845,27.274575853115621],[88.589731386876721,27.274571073646563],[88.589901582588766,27.274557275782943],[88.590079741865779,27.274541432310698],[88.590213083294969,27.274531282522705],[88.590318728765652,27.274539040180116],[88.590425489045614,27.274539866567025],[88.59048456405533,27.274540479770053],[88.590581343154113,27.274529638531632],[88.590698019038157,27.274516291782408],[88.5908467306419,27.274505517610706],[88.590940628843597,27.274491375610562],[88.591046522249272,27.274467920581923],[88.591146722132692,27.27446887951071],[88.591228335872884,27.274459031527204],[88.591347680651651,27.274476559723617],[88.591386713349053,27.274479929946821],[88.591466287913576,27.274486801337428],[88.591511105761398,27.274481107648601],[88.591634480382524,27.274470270396598],[88.591756432072231,27.274459721381103],[88.591860245878053,27.274431406228086],[88.591970449400478,27.274398957531336],[88.592048977427652,27.274385439101227],[88.592136384403133,27.274387911877803],[88.592255369855764,27.27438393802921],[88.592423831819318,27.274321582042646],[88.592463473574469,27.274300606942681],[88.592525433972895,27.274271410267623],[88.592585660622817,27.274259397686382],[88.592693076672901,27.274244275166193],[88.592749947216902,27.274245750689936],[88.592790021061731,27.274246791061891],[88.592844656597293,27.274239407055671],[88.592933496385655,27.274235531410355],[88.592988828115566,27.274233116916786],[88.593143273665731,27.274234155691975],[88.59326946720023,27.27425656800272],[88.593345467368195,27.274294359124713],[88.593395543055394,27.274327179926466],[88.593448467300348,27.274401625127521],[88.593541713325166,27.274569531058127],[88.59359240076509,27.27466565455811],[88.593659760936646,27.274757156605006],[88.593726484202691,27.274828889219531],[88.593810693175769,27.274862739849901],[88.593893934663242,27.274927079652919],[88.594016326527452,27.274961264799057],[88.594136309110027,27.274998558254442],[88.594190844932626,27.275003657080354],[88.59425067632381,27.274975837097678],[88.594364124561039,27.274935079209619],[88.594475443791055,27.274895698613708],[88.59454704131582,27.27485406001782],[88.594609856910381,27.274783947453667],[88.594697934029028,27.274642027103088],[88.59473898703753,27.274576672316282],[88.594758458021317,27.274526824025248],[88.594781471062248,27.274431220191058],[88.594789094165762,27.274371956599417],[88.594817581540042,27.274254183052037],[88.594843480868022,27.274128769864056],[88.594880273167107,27.273986004719962],[88.594895105250757,27.273953127926251],[88.594917462521551,27.273873471764748],[88.594939880877789,27.273852765656642],[88.594961382054109,27.273814024232966],[88.595004008012637,27.273750756099982],[88.59502485341882,27.273727962827856],[88.595073294172209,27.273699744898977],[88.595202311111606,27.27363339469186],[88.595295849088913,27.273597749573938],[88.595377619135945,27.273575921594492],[88.595421697670318,27.273563971217079],[88.595464763803335,27.273552293907777],[88.595597743211499,27.273520638612386],[88.595723316908419,27.273487562867221],[88.59586342534665,27.273459060629396],[88.595971757678342,27.273461970976733],[88.596042121816225,27.273475461573415],[88.596081186852999,27.273493667808168],[88.5961359822887,27.27353275028111],[88.596192808815246,27.273582939156995],[88.596261869497667,27.273633639815376],[88.596339215341956,27.273700904244706],[88.59644005662247,27.273745670790184],[88.596527168052191,27.273817701878215],[88.596617164870651,27.273893339500606],[88.596685396408049,27.273987798826813],[88.596803335323372,27.274106452542409],[88.596895262621345,27.274150286341666],[88.59698038338442,27.274208257370937],[88.597056199397741,27.274280296143594],[88.597091006420087,27.274329663084103],[88.597163376495971,27.274433851058145],[88.597218345306544,27.274539332409699],[88.597243197198864,27.274627517837516],[88.597252760663395,27.274670788530674],[88.597264478287968,27.274706954685932],[88.597262583741028,27.274771395980984],[88.597262239686273,27.274868129313866],[88.597242770499108,27.275034186954304],[88.597224075659753,27.275112480948206],[88.597211250412428,27.27515813319015],[88.597209786158515,27.275179589585683],[88.597202979623617,27.275245682571573],[88.59718919677222,27.275322325251178],[88.597178858959921,27.275418773063148],[88.597185665494834,27.275456590138223],[88.59719497024453,27.275546433186054],[88.597204707083904,27.275645246561968],[88.597206869328772,27.275687676108703],[88.59722358338297,27.275723985650934],[88.597235301905854,27.275760150664986],[88.597238316651939,27.275770986992768],[88.597254945366188,27.275805500833407],[88.597284410107477,27.275847549466874],[88.597303192981755,27.275874959635765],[88.597334467828361,27.275902726696884],[88.597355403964386,27.275923032408826],[88.597383490690063,27.275936376593837],[88.597410124839911,27.275948567842406],[88.597433604106513,27.275956244759328],[88.59750792801816,27.275980495509607],[88.59756820946528,27.275990028776491],[88.59765384765798,27.276006809400101],[88.597729665467938,27.276026892330869],[88.597823311243062,27.276013843576145],[88.597933867803377,27.276032300900717],[88.598122147500419,27.276091773594047],[88.598097289319867,27.276182857686415],[88.598021518222296,27.276206340298085],[88.598006589120573,27.276366419702981],[88.598001688810712,27.276388990470934],[88.597995017023095,27.276473007437591],[88.597987663414187,27.276512505641779],[88.597985779647047,27.276562643669461],[88.597979072825112,27.27659656483165],[88.597974299177707,27.276618416170574],[88.597994303760771,27.276663196710874],[88.597994852631402,27.276671711127435],[88.598009405339013,27.276775623844188],[88.598016722117009,27.276827871192047],[88.598017918672937,27.276878169560792],[88.598019118822151,27.276906175100134],[88.598026269411818,27.27696246879972],[88.59802590200087,27.277017036278849],[88.598028286129633,27.277035800829829],[88.598026968301127,27.277067685069799],[88.598024417085696,27.277086186132586],[88.598024354203631,27.27710016093209],[88.59801903078727,27.277165181292588],[88.598016511012872,27.277176694545613],[88.597954551512814,27.27728930559482],[88.597941366939381,27.27731043821813],[88.597908637720323,27.277371083107976],[88.597885086588533,27.277411412947455],[88.597871447467554,27.277441258711882],[88.597810980967466,27.277532879833096],[88.597766996756221,27.277616693136345],[88.597742437714672,27.277719216519461],[88.597727451120761,27.277793759250368],[88.597738217429438,27.277841190862322],[88.597745124575653,27.277952706608453],[88.597747507806119,27.27797147179983],[88.597747424262792,27.277990105249323],[88.597769235357887,27.27805578378236],[88.597780740980042,27.278125420023223],[88.59779925166481,27.278159904389636],[88.597808810637744,27.278195531277483],[88.597825987324285,27.278217417432209],[88.597867226284038,27.278290965004452],[88.597901190686628,27.278356330381399],[88.597918367373154,27.278378216504446],[88.597930610512165,27.278399837549852],[88.597996205494226,27.278477015386038],[88.598107370213995,27.278593450310861],[88.598130075132815,27.278610746315586],[88.598166186508891,27.278648406614074],[88.598187853873554,27.278659397552069],[88.598220677415739,27.278675624473244],[88.598233091234619,27.27867741690757],[88.59827100373289,27.278674759793336],[88.598302716059067,27.27868029837542],[88.598332162834069,27.278691044996336],[88.598388032654853,27.278693330848771],[88.598484279951009,27.27872076027597],[88.598588848341663,27.278776154843843],[88.598785711441224,27.278941374701166],[88.598993451342253,27.279116049865802],[88.599188921154834,27.27942569942153],[88.5993779320805,27.279690362823764],[88.599554136623468,27.279956399646299],[88.599614341713831,27.280147929061513],[88.599699475053285,27.280367500338269],[88.599781614307929,27.280463665928234],[88.599896016555974,27.280597604445312],[88.599946238668565,27.280899509425396],[88.599931492823188,27.281151223359839],[88.5998133751431,27.28137118865634],[88.599719004427556,27.2814431716881],[88.599451265150421,27.281520041626401],[88.599060279711196,27.281652376500514],[88.598312555306364,27.2818900833967],[88.598282680933252,27.282072899073096],[88.59834918950196,27.282364753963378],[88.598368846437012,27.28238444293952],[88.598373739560373,27.282394022761636],[88.598395853387714,27.282416173153091],[88.598570381674364,27.282804594686883],[88.598684828838188,27.2830237327811],[88.598879240435352,27.283246161360854],[88.599013604147345,27.283385293963473],[88.599319401449847,27.283654830800362],[88.599613441601903,27.283735592086682],[88.599979854524818,27.283838493043245],[88.60052381048051,27.283962143639879],[88.600658512857351,27.283992762865267],[88.601291170260822,27.283997631346871],[88.601638563154239,27.284000303502925],[88.601645210687323,27.284000354598792],[88.601646796213799,27.28400790002615],[88.601678323487036,27.284157931054299],[88.60169948689682,27.284258641686332],[88.601719490581559,27.284308265260886],[88.601718462010538,27.284323946069502],[88.601723545576746,27.284357141538077],[88.60172554971814,27.284364722069522],[88.601728587820418,27.284376210625386],[88.601728649804187,27.284397400181767],[88.601731199222939,27.284416352700067],[88.601731240545448,27.284430479066334],[88.601733789065918,27.284449431578985],[88.601733851947969,27.284470621121361],[88.601738956175453,27.28451088052228],[88.601756194845748,27.284756836427661],[88.60176116791915,27.284827799347049],[88.601762422865605,27.28484569954367],[88.60187376006192,27.286434259653745],[88.602074237982194,27.287464504514436],[88.602302126196733,27.28814157787691],[88.602551427552712,27.288645169545021],[88.602871045435833,27.289072786012998],[88.603200814281664,27.289274757906458],[88.603571421438673,27.289433323200733],[88.604159438860719,27.289698431381108],[88.604507704018275,27.289942134086505],[88.604913721865472,27.290640813402476],[88.605049248895725,27.29116003685861],[88.605121913619087,27.291565804828586],[88.605340887851042,27.291931982011839],[88.605687498311838,27.292259094889008],[88.605696429362382,27.292268979613748],[88.605811534991346,27.292396383274717],[88.605916066551046,27.292538776696585],[88.606071498451414,27.292820412062817],[88.606201905982886,27.293127150306507],[88.606432611314148,27.293947681620708],[88.606514849383473,27.294338029836844],[88.606601809896219,27.29452643945331],[88.606911423242053,27.294738416055139],[88.60742889776148,27.294807716931381],[88.60766932915233,27.294969568088831],[88.607398654180798,27.295139429884834],[88.607113986152086,27.295321794272215],[88.607109659865699,27.295449776384721],[88.607100810561832,27.295702023332023],[88.607140326552852,27.295915167181136],[88.607149929543255,27.29594891878477],[88.607234892202825,27.296247529025198],[88.607279357911068,27.296490646584878],[88.60742341264833,27.297250991620384],[88.60766236900551,27.297661590047543],[88.607971963486719,27.297980748019118],[88.608259005762676,27.298222105586717],[88.608472804800314,27.298401875323055],[88.609026622461158,27.298713501905798],[88.609246892962119,27.298818216217544],[88.609404125984611,27.298876848110531],[88.609522303851818,27.298869005141722],[88.609680433392938,27.298828497895279],[88.609853631274689,27.298742514143019],[88.61010360726543,27.298555249214264],[88.610234207036385,27.298389376011723],[88.610335930462526,27.29824684480754],[88.610481625523505,27.298164058481049],[88.610536412874339,27.298133703399376],[88.610585884893695,27.298117828964024],[88.610601398798636,27.298089451189906],[88.610660539385378,27.29809586610498],[88.610727084785012,27.298105499652667],[88.610787155128051,27.298135956122557],[88.610922673175182,27.298223643057092],[88.611009298616338,27.298402834045238],[88.611048473247564,27.29846989827805],[88.611070586176581,27.298511508863328],[88.61111711801,27.298599047023295],[88.611175378247751,27.298698809787933],[88.611197193834428,27.298753623631075],[88.611285090391689,27.298806531185473],[88.611363261787758,27.298865253288735],[88.611632560540258,27.299004431781746],[88.611706892536745,27.299018949039009],[88.611875672503899,27.299094497658185],[88.611978610452297,27.299169137002714],[88.61204175842353,27.299189508708761],[88.61214789347602,27.299235839957337],[88.612286053468424,27.299310005836663],[88.612368616727849,27.299351985702835],[88.612576813871371,27.299376645643843],[88.612606688244441,27.29938403117217],[88.612700709515366,27.299389682873162],[88.612787458924032,27.299378922289666],[88.61286546233508,27.299368409166668],[88.612940824699223,27.299327505365603],[88.613048551566408,27.299238603547025],[88.613135371941993,27.299161371486214],[88.613271725422308,27.2990464923883],[88.613351873111981,27.298981254137626],[88.613469115832956,27.298936516920207],[88.613518026405259,27.298933407673726],[88.613610364233296,27.298941545198183],[88.613681078714151,27.298966266696826],[88.613750855353828,27.299017383640361],[88.613768636606579,27.299034822547295],[88.613819317758285,27.299099215403938],[88.613876929412399,27.299175257295833],[88.613912756022543,27.299231202842005],[88.613959334568349,27.299285116779181],[88.614067639052266,27.299389065815976],[88.61414071161073,27.299416353629386],[88.614268638893719,27.299440598459611],[88.61427963517113,27.299439002732914],[88.614374355331307,27.299439079366113],[88.6144253940125,27.299427316169645],[88.614505962113668,27.29938133224536],[88.614550708994614,27.29934330858261],[88.614606029046442,27.299253462430595],[88.61466471867891,27.299200146377927],[88.614719494351661,27.299154448138239],[88.61479951897212,27.299119551999166],[88.614879043230971,27.29907891233211],[88.614932440888083,27.299063965616025],[88.614939377678695,27.299063324609094],[88.615216411824107,27.299037725838446],[88.615272970652725,27.299031300600348],[88.615416258228748,27.299048365118679],[88.615533787512334,27.29906039737067],[88.615754816191327,27.29913284869469],[88.615837096481471,27.299157495912144],[88.615851942039882,27.299179595064341],[88.615874520296217,27.299210507048389],[88.615885576760732,27.299213751992003],[88.615899291340185,27.299236093007003],[88.615908128965927,27.299256798374991],[88.615913814403356,27.299266688064616],[88.615916968388333,27.299277503739162],[88.615923520700022,27.299294484401951],[88.615926736668726,27.299304137802217],[88.61592871745394,27.299313672260421],[88.615934895168138,27.29933352027922],[88.615977741213939,27.299599220282303],[88.616069976634051,27.299856668839844],[88.616205315916417,27.300150724888795],[88.616366419779482,27.30039676749027],[88.61655998157039,27.300665201362026],[88.616708077828122,27.300872203509464],[88.616769302506327,27.30095080018851],[88.61680066987941,27.301017101350507],[88.616942044942206,27.301102685812154],[88.617036957341838,27.301152258754403],[88.617125996556183,27.301179601213608],[88.61723075718632,27.301206498242724],[88.61737286976593,27.301209942690445],[88.617489465699933,27.301191713857836],[88.61761424079458,27.301176985348462],[88.617874356069919,27.301065112154202],[88.617971301357073,27.301047438082222],[88.618024993661592,27.301047823637393],[88.618154699608823,27.301027318166209],[88.618269026398437,27.300983024004626],[88.618406554875151,27.300906612962148],[88.618427410162809,27.300895735182692],[88.618518991609392,27.300836345217942],[88.618565204540843,27.300792542703842],[88.618630749217274,27.300772710112692],[88.61877730396597,27.300739802930867],[88.618824892218143,27.300720237745118],[88.618871692647829,27.300707054591719],[88.619003622823712,27.300686976123195],[88.61917049566749,27.300669705907335],[88.619307718717039,27.300671105245954],[88.619419899431406,27.300718856766963],[88.619753760103364,27.300922473428464],[88.619845073852034,27.301019235873994],[88.619942255396097,27.301127382882001],[88.619985379919626,27.301174680800763],[88.620276046897786,27.301362836147533],[88.620459955392647,27.301465727954984],[88.62066281833998,27.301515089199487],[88.620899406738033,27.301522030759951],[88.621021466225585,27.301501747289198],[88.621278242463063,27.301371078064445],[88.621703203982932,27.301172599763021],[88.621903071947131,27.301128392668687],[88.622293924435652,27.30101003523129],[88.622486106414286,27.300990009502151],[88.622604019278455,27.301036252989899],[88.622688192318932,27.301048453457369],[88.622721960888754,27.301032407814795],[88.62276210120892,27.301036776642555],[88.622834406606117,27.301129732132715],[88.623027140150356,27.301249210184739],[88.623185553559139,27.301360621007529],[88.623515097826143,27.301377830448992],[88.623857978481908,27.301406288803811],[88.624027905597686,27.301432880048953],[88.624195955234484,27.301458539732401],[88.624633330573289,27.301489882933854],[88.62489228432699,27.301526281427776],[88.625098133274335,27.301593340580659],[88.625241957144596,27.30165486944113],[88.625392149171901,27.301745373798834],[88.625433897476412,27.301787020673871],[88.625506196585405,27.301852115188002],[88.625708093843826,27.302038928336916],[88.625875720374168,27.302108503242916],[88.625952394278627,27.302161913687868],[88.625974885398392,27.302174889125375],[88.625994869320195,27.302190096447944],[88.626042343486318,27.302220900629177],[88.626064841792626,27.302231513262328],[88.626127293569482,27.302277266910448],[88.626162255102003,27.30230742449158],[88.626204508259718,27.302334278142368],[88.626235846886729,27.302361270680652],[88.626364795554181,27.302381684905907],[88.626387305538586,27.302387574330194],[88.626409834387601,27.302386376968261],[88.626469895747491,27.302389483723296],[88.626489922788423,27.302388157844526],[88.626509942642869,27.302389193961712],[88.626529968785491,27.302387868082953],[88.626549989538248,27.302388903401884],[88.626580026506389,27.302388093985247],[88.626617583271766,27.302382950118396],[88.626637603126184,27.302383985437377],[88.626665149964381,27.30237832430992],[88.626690187807966,27.302374895065075],[88.62677029327682,27.302369589154623],[88.626827888761255,27.30235839461664],[88.626847640019406,27.302351556879913],[88.626910504122989,27.302333665891013],[88.626991380346325,27.30229133353124],[88.627123527016209,27.302243759098221],[88.627163616132378,27.302226933745594],[88.627183668326168,27.302216159867047],[88.62719369082977,27.302211953927198],[88.627216232255208,27.302206032563895],[88.62723628894058,27.302192895885053],[88.627268865446013,27.302178044579129],[88.627288915843152,27.30216726989757],[88.62739164358581,27.302125336595925],[88.627431695871053,27.302122684033879],[88.627476766145492,27.302115566099243],[88.627616908719716,27.30212281494574],[88.627644424116838,27.302128963014503],[88.627664444869581,27.302129998335865],[88.627704472002023,27.302136793779368],[88.627726995461146,27.302137958416015],[88.62774700992567,27.30214135653668],[88.627757019852865,27.302141873798188],[88.627772028904644,27.302145011691543],[88.627782033441989,27.302147892550547],[88.627804556002772,27.302149057985297],[88.627849577768174,27.30216083526172],[88.627864592209832,27.302161611952069],[88.627887109380737,27.30216513938737],[88.627917120297766,27.302173777971383],[88.62796215463959,27.302180832042875],[88.627984678098713,27.30218199747728],[88.62808972888466,27.302208692308142],[88.628149753413638,27.302225970266996],[88.628164762465417,27.302229108956187],[88.628237293339751,27.302249396285248],[88.628259797934248,27.302257647715255],[88.628277297116,27.302265639715909],[88.628304812513136,27.302271787776771],[88.628324815299564,27.302279909091645],[88.628387341636596,27.302297317152846],[88.628422376830997,27.302299129161984],[88.628449894024797,27.302305276422757],[88.628489896902707,27.30232151904702],[88.628519903328154,27.302332520414229],[88.628529913255335,27.302333038473051],[88.628577425150723,27.302349669836907],[88.628597427937166,27.302357791944313],[88.628617435215176,27.302363551256498],[88.628647453318678,27.302369828627022],[88.628672460619597,27.302378208564932],[88.628692462507686,27.302386330670288],[88.628717469808564,27.302394709808681],[88.62872747524419,27.302397288926045],[88.628938228094697,27.302408188909119],[88.629047886339748,27.30238108782142],[88.629087951201427,27.302373710474914],[88.629133021475866,27.302366591758112],[88.629153047618487,27.302365265080855],[88.629175582755721,27.302361706520507],[88.629195608898343,27.302360379044956],[88.629240679172753,27.302353261125571],[88.629280731458039,27.302350607770716],[88.629325796342556,27.302345851049303],[88.629345829671735,27.302342162374902],[88.629368363910615,27.302338603015574],[88.629388390951576,27.302337276337976],[88.629410926088767,27.302333716978481],[88.629433448649593,27.302334881613053],[88.629455990075016,27.302328960256339],[88.62947601082773,27.302329995575793],[88.629498545066667,27.302326437014301],[88.629526073040211,27.302327859481007],[88.629548609075769,27.302324300919462],[88.629568635218391,27.302322974241697],[88.629633737025344,27.302312166846303],[88.629653757778087,27.302313202165934],[88.629678790231765,27.302312134118395],[88.629703827177082,27.302308704073269],[88.629713844290805,27.302306859336362],[88.629743874072417,27.302308411916751],[88.629768918204221,27.302302620672052],[88.629788938058667,27.302303655991746],[88.629811474094197,27.302300096631157],[88.629846509288583,27.302301908640271],[88.629857510057548,27.302303663974175],[88.629929324974626,27.302294692533383],[88.630079294219726,27.302295046952796],[88.630121868974314,27.302285436917703],[88.630141895116935,27.30228411023948],[88.630151911332362,27.302282265502154],[88.630171932085076,27.302283300822054],[88.630214493364917,27.302278414782528],[88.630234514117674,27.302279450102489],[88.630257048356583,27.302275890741125],[88.630449744171543,27.302285854398253],[88.630469758636067,27.302289251716171],[88.63049228209519,27.302290416351212],[88.630507291146955,27.302293555038588],[88.630547319177708,27.302300349673835],[88.630589862491234,27.30230254883028],[88.630609876955759,27.30230594614769],[88.630619887781279,27.302306463408385],[88.630634896833058,27.302309601297083],[88.630664909546724,27.302318240668118],[88.630694933040147,27.302322156043918],[88.63077499089826,27.302335744512284],[88.630794999074581,27.302341503825588],[88.630850036157085,27.302351435547195],[88.630912564290753,27.30236884279892],[88.630935086851551,27.302370008231353],[88.630960105830539,27.302373663378646],[88.63098000710734,27.30237923430505],[88.631024839328219,27.302394238048112],[88.631204294874209,27.302403516005487],[88.631300476593367,27.302381811826283],[88.631310499995323,27.302377605892719],[88.631430731411271,27.302341299475763],[88.631450762943771,27.302337610801214],[88.631470801662829,27.302331560129506],[88.631490846670062,27.302323146661909],[88.631533432204435,27.302308812634163],[88.631563500613609,27.302296193228202],[88.631583532146152,27.302292503753957],[88.631601068158787,27.302286323764562],[88.631618609561357,27.302277780978347],[88.631646168077637,27.302267394252134],[88.631668722079496,27.302256748096276],[88.631703787816605,27.302246750112097],[88.631880144174872,27.302184224574553],[88.632094669949552,27.302077970433288],[88.632127226692063,27.302070205120266],[88.632162287039307,27.302062567525663],[88.632184821278187,27.30205900815735],[88.632209865410019,27.302053215303165],[88.632232406835442,27.302047294729643],[88.632262454583355,27.302041760505787],[88.63228500229701,27.30203347713001],[88.632305027541307,27.302032150448774],[88.632370136534789,27.302018978626585],[88.632380159038405,27.302014772679264],[88.632402700463842,27.302008851305466],[88.63244527342178,27.301999240447337],[88.632465300462741,27.301997913765689],[88.632485331995255,27.301994224281511],[88.632505359036202,27.301992896801572],[88.632515375251614,27.301991052059424],[88.632535396004357,27.301992087382047],[88.632560432949617,27.301988656528778],[88.632597970850412,27.301990597858531],[88.632620505987617,27.301987036891408],[88.632650535769258,27.301988589476274],[88.632670563708515,27.301987262794487],[88.632693086269313,27.301988427432711],[88.632730759815715,27.301994940306479],[88.632863499373656,27.301992374749918],[88.633094218179679,27.302018059847818],[88.633125996082825,27.302022616224072],[88.633146010547364,27.302026013550044],[88.633168533108147,27.302027177389615],[88.633188547572686,27.302030574715449],[88.633231090886227,27.302032773078942],[88.633246099937992,27.302035911773629],[88.633268628786993,27.302034713609675],[88.633288643251547,27.302038110935278],[88.633463821918482,27.302047165414169],[88.633511186490139,27.302043739352065],[88.633574006576254,27.302042757512265],[88.633659312392297,27.30202179403285],[88.633801941503222,27.301955974812351],[88.633821992798673,27.301945199311],[88.633882161956393,27.301905787580598],[88.633922293293423,27.301872427331531],[88.633962441698401,27.301831979452942],[88.634022647687061,27.301778395629935],[88.634037692671413,27.301767362277946],[88.634097879795476,27.301720863656076],[88.634190648814865,27.301657150829708],[88.634273357601387,27.301611816803796],[88.634323469221172,27.301590782997295],[88.634348518742911,27.301582628105621],[88.634371065558213,27.301574343897318],[88.634398617786303,27.301566319118717],[88.634418661895225,27.301557905593143],[88.634466476522832,27.301545429786341],[88.634587726628325,27.301505182148755],[88.634623640375054,27.301498580640764],[88.634746836231429,27.301440213554361],[88.634779410940283,27.30142536055126],[88.63479944965934,27.301419308233299],[88.634842034295374,27.301404973290555],[88.634884631507845,27.301385913513343],[88.634912182837581,27.301377888721127],[88.634927216143879,27.301371577768059],[88.634987331402669,27.301353423199135],[88.635007375511606,27.301345010455673],[88.635042446638622,27.301332648774551],[88.635062485357679,27.301326598048025],[88.63510507089201,27.301312261496811],[88.635132622221789,27.301304236699281],[88.635150163624331,27.30129569303924],[88.635172705049783,27.301289770828827],[88.635257875220148,27.301261100109784],[88.635290443640784,27.301248609102906],[88.635307972466947,27.301244790277412],[88.635394491906894,27.301209203511153],[88.635407950466472,27.301209898786706],[88.635559908581612,27.301094807877586],[88.635568673443871,27.301085812391548],[88.635606276921635,27.301061769878096],[88.635646414546841,27.30102604655228],[88.635699074687125,27.300986245747108],[88.635739204227491,27.300952884423449],[88.635756770782862,27.300934894225922],[88.635796906611446,27.300899170060976],[88.635834528055554,27.300868041422568],[88.635894690026774,27.300830990540533],[88.635974939226045,27.300768991850674],[88.635989369762754,27.300761097927357],[88.636088023645584,27.300711223868905],[88.636159879885142,27.300685335712245],[88.636321387990108,27.300693681452401],[88.63649181636579,27.300723630321439],[88.636657736097092,27.300761804381235],[88.636753253062935,27.300797396878675],[88.636785755906544,27.300810888146859],[88.636803262274782,27.300816516625869],[88.636820761456534,27.30082450793206],[88.636830765993849,27.300827387228836],[88.636870758092002,27.300848352530316],[88.636908249280353,27.300869187712731],[88.636948229700408,27.300894877061772],[88.636990719115019,27.300918332896263],[88.637050690643392,27.300956866102297],[88.637083180910594,27.300975081403163],[88.637103165730736,27.300990288091885],[88.637125653257243,27.301005624095179],[88.637175614858378,27.301043640004327],[88.637188109525667,27.301051372660872],[88.637210590763971,27.301069070679734],[88.637283015637124,27.301131870645307],[88.637325474509026,27.301167136539814],[88.63734295033457,27.301184575907264],[88.637400407478452,27.301227704544004],[88.637417883303968,27.301245143901898],[88.637460355650617,27.301275685721379],[88.637477831476147,27.301293124273524],[88.63748782343707,27.301300727596352],[88.637505500485219,27.301319080139628],[88.637647694811534,27.30142474111064],[88.637697661802591,27.301460394860626],[88.63786013649478,27.301544384082323],[88.637880127603083,27.301557227881226],[88.637970111845107,27.30160439869557],[88.637997495189936,27.301619616473502],[88.6380076030335,27.301625234534299],[88.638032604944485,27.301635974943871],[88.638039752839191,27.301640849836225],[88.638039878603351,27.301636018847432],[88.638042762195397,27.301621984871726],[88.638040681697177,27.301605216100413],[88.638049333371697,27.301563114156242],[88.638049888530546,27.301541789778462],[88.638047745150274,27.301527390193502],[88.638048917451741,27.301482370624225],[88.638048606634641,27.301480592926403],[88.638034101537755,27.301397695660217],[88.63812960413054,27.301463124070285],[88.638171727930867,27.301472145069667],[88.638201602303937,27.301464026090439],[88.638230705922496,27.301480347864345],[88.638265482402105,27.30150247289631],[88.638349244912462,27.301532467845455],[88.638417239294625,27.301567767139069],[88.638477150635879,27.301588728309479],[88.63854217698433,27.301609543396744],[88.638612032675795,27.301626982694692],[88.638730986687378,27.301645834886415],[88.638810492979914,27.301643574251973],[88.639036263865336,27.301585072338078],[88.639273453236356,27.301531454869487],[88.639435234429115,27.301495604773429],[88.639617590635169,27.301443544643579],[88.639824195065685,27.301354336395658],[88.639993853585153,27.301188051487376],[88.640149802915104,27.301022156674772],[88.640242216201671,27.300884109439924],[88.640359835316772,27.300656802934991],[88.640446363739855,27.300451214095865],[88.640541997486693,27.300287033635023],[88.64069158225287,27.300079650425648],[88.64108854238701,27.299651687591943],[88.64143152724732,27.299394106047405],[88.64296072486394,27.298502359101988],[88.64373179468636,27.298355370501799],[88.64399586883718,27.298344111697364],[88.644585522091347,27.298456722041823],[88.644990838354303,27.298576330693784],[88.645211306484569,27.298704967625568],[88.645377122011311,27.298865794513496],[88.645628129267976,27.298939254972851],[88.645954289581354,27.29903165343368],[88.646150112431812,27.299126339644321],[88.646281584466905,27.299200069744536],[88.646402904640979,27.299238885334198],[88.646495072687429,27.299288178120008],[88.646497192711522,27.299289312452519],[88.646534811460668,27.29931149699269],[88.646602100665348,27.299330892396625],[88.646643732188863,27.299334399965328],[88.646680199297805,27.299331988412067],[88.646707382318311,27.29933564126463],[88.646723671469374,27.299361741275771],[88.646872557346242,27.299401276043614],[88.646927801939583,27.299394064537729],[88.646965056871025,27.299423013534383],[88.64698503809791,27.299434004811449],[88.647004959137647,27.299447379699039],[88.647046759544438,27.299482866449029],[88.647156806760009,27.299551444331797],[88.647171672081328,27.299564454399675],[88.647191835666192,27.29956829563433],[88.647211939063936,27.299574520477673],[88.647271884541183,27.299607493462364],[88.647291805580906,27.299620868329026],[88.647311787706073,27.299631858788246],[88.647471158718972,27.299738853661779],[88.647513590641395,27.299763400962131],[88.647532659179944,27.299769433413903],[88.64767615606344,27.299844362871138],[88.647696379835423,27.299845821291356],[88.647716543420302,27.299849662516227],[88.647736646818018,27.299855887343835],[88.647784194646007,27.299878415820537],[88.647804115685759,27.299891791452822],[88.647838902945139,27.29991817471516],[88.647861292555277,27.299934114350329],[88.647883498909096,27.299957203987052],[88.647923342785219,27.299983952038019],[88.647962999811739,27.30001373266602],[88.648050372651227,27.300063766689448],[88.648072844906366,27.300080684169593],[88.648092887218667,27.300089291783785],[88.648132730196465,27.300116039802905],[88.648152591049097,27.3001317982052],[88.648172512987159,27.300145172210442],[88.648192374738073,27.300160929012126],[88.648272060693671,27.300214425807649],[88.648321516543305,27.30025324742871],[88.648453701840737,27.300342125285265],[88.64847127648099,27.300348168082884],[88.648488790934067,27.300356593673992],[88.648548556748224,27.300396716401909],[88.648568537975095,27.300407707582593],[88.648633299320565,27.300450577088217],[88.648655748219497,27.300464133057215],[88.648678137829663,27.300480072613979],[88.64869811995483,27.300491063786396],[88.648770343605378,27.300539248038838],[88.648781121592137,27.300549572662906],[88.648917198391374,27.30064056246189],[88.648929718211477,27.300646240441285],[88.64898966458702,27.300679213107614],[88.649026859331371,27.300710545353596],[88.649146390061389,27.300790789740812],[88.649183583907416,27.300822121955264],[88.649223427783554,27.300848870596084],[88.649265990860016,27.300882916851304],[88.64940272342939,27.30096923660604],[88.649415364522071,27.300970148209217],[88.649435467919815,27.300976372973977],[88.649455450044996,27.300987363299001],[88.649480487888582,27.300998718423752],[88.649502817311614,27.301017041481668],[88.649577751179365,27.301058256776248],[88.649622650773878,27.301085369362443],[88.649682416588064,27.301125491826959],[88.64971720384743,27.301151875594329],[88.64973781209838,27.3011625729442],[88.649821126349394,27.301218180627441],[88.649866709561863,27.301248605111653],[88.649926656835703,27.301281577599081],[88.649966500711841,27.301308325330911],[88.650011400306354,27.301335437856014],[88.650028914759432,27.301343862573923],[88.650053711854554,27.301364751146007],[88.650073633792601,27.301378125002717],[88.650093496441869,27.3013938824276],[88.650113417481606,27.301407256280797],[88.650195331259098,27.301472850720771],[88.650337314481334,27.301566649593056],[88.650377278731668,27.301588630923362],[88.650417122607806,27.301615379379442],[88.650446975421303,27.301636631900873],[88.650469426116899,27.301650187725055],[88.650491633369043,27.3016732762066],[88.650511556205402,27.301686650824365],[88.650541409018913,27.301707903332158],[88.6505613318553,27.301721277147522],[88.650603582318055,27.301752973897699],[88.65062579046851,27.301776061559604],[88.65066810291502,27.301805375531469],[88.650710703720733,27.301836143100179],[88.650840239886392,27.301908510393361],[88.650852880979087,27.301909421988817],[88.650895495259519,27.301926819730923],[88.651055355854226,27.302014744740728],[88.651077745464349,27.302030683276595],[88.651112715081737,27.302049917758485],[88.651142629879018,27.302068785843208],[88.651162672191319,27.302077393303218],[88.651179128429021,27.302086561927727],[88.651284256470106,27.302123882995112],[88.651303095039893,27.302132879993518],[88.651308089672895,27.302135626747983],[88.651318142719234,27.302138739097717],[88.651338185031548,27.302147346552346],[88.651438098352386,27.302202299981545],[88.651458021188745,27.302215672939113],[88.651500454009508,27.302240219691761],[88.651520497220147,27.302248827138499],[88.651580445392312,27.302281798530572],[88.651615476095117,27.302298648620358],[88.651863940221247,27.302388185783013],[88.651883342933047,27.302397188347658],[88.651902147366897,27.302401534770915],[88.651934325020392,27.302424821858153],[88.651971285304441,27.302462577054762],[88.651995997957897,27.302483028778706],[88.652010781532525,27.302498132287777],[88.652042924151701,27.302523776558399],[88.652072933272095,27.302549951652743],[88.652075028143329,27.302551779622569],[88.652092349458627,27.30256468237468],[88.652099703965874,27.302574591725577],[88.652122027100674,27.302587809779723],[88.652134347494808,27.3026003948282],[88.652151704742707,27.302610937978205],[88.652168953294492,27.302628556722716],[88.652272953949876,27.30270124918081],[88.652305169332593,27.30272217661112],[88.652320063399998,27.302730202902634],[88.65235235154627,27.302746412736905],[88.652367208782763,27.302756797821786],[88.652501255389453,27.302829030410741],[88.652523652186119,27.302837530847913],[88.65253604534378,27.302845399079956],[88.652560942151865,27.302854058365206],[88.652578336230732,27.302862241900051],[88.652600733027398,27.302870742334676],[88.652618128004548,27.302878927464768],[88.652670421632195,27.30289640328218],[88.652702784338629,27.302907895508476],[88.65272275388736,27.302911521103315],[88.652736866420511,27.302916328089442],[88.653044463946813,27.302988548601004],[88.6530743266418,27.302999882766876],[88.653096758472742,27.303006025199441],[88.653139050258048,27.30302286799515],[88.653191345682302,27.303040343789924],[88.653226135636629,27.303056712427981],[88.65323613747897,27.303057344631249],[88.653273465173996,27.303071513327417],[88.653365625135621,27.303100956271436],[88.653388057864902,27.303107098698362],[88.653402988763233,27.303112765376255],[88.65344035328917,27.303124573681629],[88.65345285604127,27.303125365531731],[88.653462821951038,27.303128358118315],[88.653495184657473,27.303139850320619],[88.653527584194819,27.303148983734978],[88.653552517833845,27.303155284209925],[88.653567448732176,27.303160950885378],[88.653592382371201,27.303167250561437],[88.653629745998813,27.303179059659236],[88.653662108705248,27.303190551856286],[88.653677112367149,27.303191501756523],[88.653689542355721,27.303197010379499],[88.653734446441831,27.303206935638656],[88.653744407859989,27.303210157316599],[88.653762251096481,27.303211286021398],[88.654038286315313,27.303306441221761],[88.654054798248566,27.303317716285843],[88.654085358934509,27.303337751972037],[88.654097716159555,27.303347978152985],[88.65413246928297,27.303366704729619],[88.65416711191358,27.303392507648113],[88.654184360465337,27.30341012626857],[88.654221504005719,27.30343608722724],[88.654246291219366,27.303451822807691],[88.654261111624905,27.30346456580844],[88.654288326984741,27.303485176196187],[88.654432010717812,27.303581628289869],[88.654469081494639,27.303612305964197],[88.654558226710165,27.303674612779933],[88.654587167733695,27.303690269301576],[88.654629216973831,27.303709727000761],[88.654752628425868,27.303889963595505],[88.65476734013528,27.303909783656238],[88.654779550036622,27.303929444067386],[88.654786831780328,27.303944070836327],[88.654808824335106,27.30397851685353],[88.654816106078798,27.303993144414211],[88.654828316878451,27.304012805608846],[88.654835598622157,27.304027432366755],[88.654864946582492,27.30407178757536],[88.654931109299781,27.304163333246997],[88.654940855122291,27.304180477597431],[88.654950712335904,27.304190544853288],[88.654960458158413,27.304207688401291],[88.654972704890724,27.304224990794008],[88.654979986634388,27.304239618322196],[88.654999552839598,27.304269189470975],[88.655019191808336,27.304294041490667],[88.655043685272872,27.304328646246521],[88.65505843381321,27.304346107467598],[88.655068346722345,27.304365805318138],[88.655267658629398,27.304574200651857],[88.655282442204026,27.304589302279926],[88.65536147598273,27.304658051020908],[88.65537379637685,27.304670635834658],[88.65540597582698,27.304693921647612],[88.655418297119397,27.304706506457293],[88.655450475671188,27.304729791464521],[88.655457831975056,27.304739701420349],[88.655475190121308,27.304750244367142],[88.655524581292255,27.304793507316475],[88.655546941257967,27.304804365556603],[88.655571692538985,27.304822458896055],[88.655616266045072,27.304853611968639],[88.655653336821928,27.304884290089582],[88.655670695866462,27.304894832224388],[88.65568551717034,27.304907575857715],[88.655705376226322,27.30491827603851],[88.655744911081968,27.304951471736402],[88.655762269228219,27.304962013864859],[88.655778721872622,27.30497741158079],[88.65588253837339,27.305038569786682],[88.656086972474171,27.305169080637135],[88.656193735449079,27.305225417483506],[88.656238308955153,27.305256570442939],[88.656270526134492,27.305277496593241],[88.656285457032837,27.30528316316035],[88.656315246964297,27.305299214574141],[88.656335142851205,27.305307556774544],[88.656364931884326,27.305323608184825],[88.656384826872937,27.305331949585163],[88.656399722736978,27.305339974889701],[88.656414653635295,27.305345641453602],[88.656459337634189,27.305369718160801],[88.656499130306315,27.305386401752113],[88.65651402437372,27.305394427052732],[88.656528955272051,27.305400094412079],[88.656551388899658,27.305406235913569],[88.656583752504389,27.305417727880016],[88.656596219323902,27.305420877654026],[88.656611150222233,27.305426544213805],[88.656626118849829,27.305429852035026],[88.656638549736741,27.305435361345129],[88.656653518364308,27.305438669166094],[88.656670949274087,27.305444493772367],[88.656698311957641,27.305455668841805],[88.656730712393284,27.305464802065607],[88.656748143303062,27.305470626670523],[88.656785544659911,27.305480076786054],[88.656800475558271,27.305485743342807],[88.65682294601676,27.305489526102516],[88.656837878711755,27.30549519265881],[88.656867814170269,27.305501808297048],[88.656915145504286,27.305516608870423],[88.656932650974241,27.305517715999855],[88.656957547782326,27.305526374278411],[88.656975054150593,27.305527482205946],[88.656989985048909,27.305533148760283],[88.657109729577968,27.305559612898232],[88.657119732318662,27.305560245885484],[88.657152168686949,27.305567019567075],[88.657162172325954,27.305567652554284],[88.657207075513739,27.305577576803206],[88.657232083712941,27.305579159670149],[88.657247052340509,27.305582467486797],[88.657307070581282,27.305586264611165],[88.657322111972377,27.305584854159473],[88.657352121092785,27.305586753120739],[88.657367162483879,27.305585343467289],[88.657382167044062,27.305586292548789],[88.657392206615697,27.305584567599105],[88.657422215736077,27.305586465762179],[88.657452298518294,27.305583647253432],[88.657467303078519,27.30558459633497],[88.657497385860751,27.305581777826212],[88.657512390420933,27.305582726907748],[88.657527431812042,27.305581316456017],[88.657542435473914,27.305582266335787],[88.657570018244726,27.305579288981502],[88.657630036485472,27.305583086105983],[88.657645077876609,27.3055816772507],[88.657660082436792,27.30558262633226],[88.6576751238279,27.305581216678725],[88.65771932812639,27.305584013635649],[88.657765152087364,27.305586912764394],[88.657780119816636,27.305590220580815],[88.657812629846759,27.305592276790996],[88.658077235800221,27.305639709302397],[88.658518701168504,27.305743189422291],[88.65862769466024,27.305786706615727],[88.658725184326443,27.305882932410579],[88.658876340246053,27.306002121979652],[88.659172085400527,27.306193102004119],[88.659513012220529,27.306343356091059],[88.659703813488562,27.306466130733735],[88.659849486091645,27.306628442223566],[88.660007663243533,27.306741513511032],[88.660138022265954,27.30683247827881],[88.660363665590609,27.307037533270304],[88.660463185449359,27.307109937880664],[88.660664611990555,27.307226117691798],[88.66077597703466,27.307327478692635],[88.660912504788158,27.307436816063344],[88.661076390733655,27.307488753651345],[88.661198071132162,27.30751358738959],[88.661504928446675,27.307568227660461],[88.661636807418603,27.307576546542382],[88.661828444119834,27.307604099741173],[88.662119838733403,27.307633521527649],[88.662341654336601,27.307721548177582],[88.662518529921101,27.307742869771641],[88.662584557891122,27.307728571564763],[88.66269163347971,27.307758208832951],[88.662732492452093,27.307761539732542],[88.662755234201839,27.307767833560032],[88.662836750924001,27.307773945396995],[88.662859608556403,27.307778064920196],[88.662879851192997,27.307784394665841],[88.662900161203268,27.30778832341829],[88.662915446037829,27.307789468838763],[88.662935687776113,27.307795798583772],[88.662976309593262,27.307803656087678],[88.663019272420058,27.30781890654012],[88.663036897365927,27.307827447303428],[88.663079929362951,27.30784029676084],[88.663102186022442,27.307850773162325],[88.663301002059455,27.307892718668459],[88.663328408760464,27.30789982745236],[88.663351336461446,27.307901545980442],[88.663366552125709,27.30790509318836],[88.663409584122775,27.307917942636806],[88.663427209068672,27.307926482594276],[88.66343987711079,27.307929838233058],[88.663465077549475,27.307941351489632],[88.663548043254167,27.307986068315408],[88.663578269766845,27.308000364094518],[88.663616000805391,27.308020034955849],[88.663648911484145,27.308029720323471],[88.663661647798236,27.308030674971516],[88.663818558325531,27.308078527890491],[88.663841485128231,27.308080247214004],[88.66386165859457,27.308088977130687],[88.663945174068232,27.308114486810041],[88.663965348432882,27.308123216724027],[88.664005557024993,27.308145479318547],[88.664025731389643,27.308154209230064],[88.664156342838695,27.308228963808698],[88.664178416241839,27.308241163485494],[88.664328126772176,27.308292367950553],[88.664343411606723,27.308293514164003],[88.664386443603775,27.308306363567475],[88.664406548798155,27.308317494447838],[88.664426721366169,27.308326225144025],[88.664464453303054,27.308345895149394],[88.66449481635965,27.308355389719168],[88.664517537448134,27.308364311181769],[88.664557746938542,27.308386573727905],[88.664577920404895,27.30839530362049],[88.664598025599275,27.308406435290092],[88.664632463413994,27.308421338443633],[88.66463837253194,27.308423895869588],[88.664658476828009,27.308435027536351],[88.664687280409282,27.308444812642495],[88.664903381828964,27.308530377009092],[88.664946071567897,27.308555232065526],[88.664963490799579,27.308570974103901],[88.66499840022982,27.308600056400476],[88.665015752087854,27.308618199407508],[88.665025736862219,27.308626166206061],[88.665043087821957,27.30864430920882],[88.665065602297915,27.308660432772339],[88.665083023326233,27.308676175594009],[88.665183205243338,27.308743835459119],[88.665223209917869,27.308773300045946],[88.665282661321712,27.308807319924483],[88.665396649446436,27.308868106455641],[88.665416823811086,27.308876836310304],[88.665462265988026,27.308894678352758],[88.665505023100607,27.308917131560932],[88.665555148195139,27.308949760941331],[88.665610162819775,27.308989974749711],[88.665687556274747,27.309051114780448],[88.665722739691162,27.309070594687334],[88.665740271212258,27.309085009257501],[88.665858860507882,27.309131323604369],[88.665896524172794,27.30915339443041],[88.665913875132503,27.309171537346963],[88.665956085171075,27.309213197399202],[88.665978189116956,27.309243726649498],[88.666000154722283,27.309279057014603],[88.666009795441909,27.309299029365675],[88.666029146051443,27.309336569904893],[88.666098416041322,27.30941394255084],[88.666113006478184,27.309436653469529],[88.666216852623307,27.309557556926038],[88.666229040965092,27.309577719196096],[88.666260992243124,27.309621016980202],[88.666290120116201,27.309673726192742],[88.666309952222733,27.309694460742993],[88.666334328906302,27.309734785229701],[88.666349063971893,27.309755137436341],[88.666373440655462,27.309795461102834],[88.6664520791754,27.309902407865682],[88.666476524130928,27.309940331330502],[88.666495944809071,27.30997547070719],[88.666510679874648,27.309995823667887],[88.666544834720071,27.310051316775731],[88.666556664634044,27.310076616879243],[88.666669396015692,27.310159299336604],[88.666701622178195,27.310192992332503],[88.666726685174623,27.310209307235393],[88.666744037032657,27.310227449979266],[88.666883883162825,27.310336577762961],[88.666901304191114,27.31035231954862],[88.666938898685771,27.310376791068748],[88.667017047623901,27.310411520040869],[88.667037289362199,27.310417849636305],[88.667082733335789,27.310435692229159],[88.667123218609021,27.310448350618746],[88.667166182334128,27.31046359990955],[88.667206393621171,27.310485862034515],[88.667242915527368,27.310507642850787],[88.667434030307419,27.310649688979478],[88.667463982833937,27.310673588137735],[88.667496003282238,27.310714483766507],[88.667515834490459,27.310735218122286],[88.667535528256437,27.310760754331461],[88.667559905838303,27.310801077632473],[88.667611482610354,27.310872312049504],[88.667633793168733,27.310895638066516],[88.667663334266848,27.310933942721832],[88.667680399562315,27.310959356763803],[88.667782047529968,27.311067952240528],[88.667804632074535,27.311081674530261],[88.667847116099267,27.311113730980132],[88.667869427555971,27.311137056946418],[88.667881547625782,27.311159619849455],[88.667906199193823,27.311190339328739],[88.667935672019965,27.311231044002554],[88.667970308362385,27.311269730869046],[88.667987729390703,27.311285472522322],[88.668007491428611,27.311308607688165],[88.668015066921399,27.311311580897868],[88.668032349609149,27.311332123579593],[88.668072150366115,27.311368791023842],[88.668109402602667,27.311405266893676],[88.668163434470372,27.311484312670022],[88.668209858505932,27.311451936258614],[88.668264202987345,27.311402946594828],[88.668294201327953,27.311375904374156],[88.668356800428526,27.31137580699659],[88.668371999923153,27.311369720101496],[88.66840500312837,27.311352982335528],[88.668438100656701,27.311331512974224],[88.668471244897404,27.311307676215488],[88.668486586325841,27.311294491126962],[88.668501881041863,27.311283671036215],[88.668527590825278,27.311254597424757],[88.668542979864426,27.311239044935174],[88.66857603068037,27.311219941350693],[88.668591324498081,27.311209122050837],[88.668606665028179,27.311195936152441],[88.668621958845904,27.311185117648421],[88.668634791279743,27.311171762533409],[88.668652594092023,27.311161112442637],[88.668713958907404,27.3111083688168],[88.668739669589129,27.311079293563033],[88.66875496340684,27.311068475047652],[88.668767842553066,27.311052754914417],[88.668783183083193,27.311039568199252],[88.668796062229418,27.311023848061897],[88.668811356047144,27.31101302794475],[88.66882423519337,27.310997307803628],[88.668839577520089,27.31098412267826],[88.668878071228335,27.310944058852169],[88.668903829520772,27.310912616951807],[88.668924473704351,27.310885570620766],[88.669027315533015,27.310769270922936],[88.669037685684657,27.310753380734717],[88.669060839761102,27.310726503579247],[88.669068698223214,27.310710445766802],[88.66907902076413,27.310696922178355],[88.66908683341218,27.310683230970149],[88.669105014415209,27.310653649557715],[88.66913598024135,27.310613079564856],[88.669167230833466,27.310558312285877],[88.669172533588565,27.31054445184585],[88.669188206495335,27.310514701979844],[88.669211642642807,27.310473625888079],[88.669216993008618,27.310457398824209],[88.669240430952698,27.310416323509415],[88.669245780420198,27.310400096437164],[88.669253593068262,27.310386404394123],[88.669269502231927,27.310344823004378],[88.669272295094132,27.310330794120805],[88.669309415278335,27.310233769208839],[88.669317227028017,27.310220077943448],[88.669343741701951,27.310150774716483],[88.669346583073207,27.310134379188238],[88.669352027762145,27.310113419631818],[88.669367936027498,27.31007183734156],[88.669370728889717,27.310057808423505],[88.669391987520939,27.309999999779848],[88.66939478128144,27.309985970852672],[88.669400084036567,27.30997210954293],[88.669402876898772,27.309958080612269],[88.669408179653914,27.309944220097261],[88.669410973414443,27.309930190364845],[88.669416276169585,27.309916329846324],[88.669416607647904,27.309899765865939],[88.669421910403045,27.309885904545446],[88.669435877409086,27.309815759021575],[88.669436160378368,27.309801560057114],[88.669447332725568,27.309745442641091],[88.669463289499987,27.30970149517993],[88.669466083260488,27.30968746541684],[88.66949520125209,27.309613598609094],[88.669510873260563,27.30958384929172],[88.6695393282955,27.309543110489663],[88.669557369161367,27.309520627875095],[88.66958288940026,27.309501017942239],[88.669595768546486,27.309485296788733],[88.669611109076598,27.30947211148365],[88.669644300928013,27.309445908488815],[88.669736346803603,27.30936679421227],[88.669751734046116,27.309351242256255],[88.669782416004651,27.309324870016336],[88.669797709822362,27.309314051329881],[88.669810541357876,27.309300695989673],[88.669828344170185,27.309290045719301],[88.669843684700282,27.309276859592821],[88.669876781330316,27.30925538903162],[88.669893494486146,27.309241004016691],[88.669917683421815,27.309223469333908],[88.669955853736553,27.309196728298748],[88.669968685272067,27.309183372944418],[88.669986488084376,27.309172722662787],[88.670032510572995,27.309133165035078],[88.670047899612143,27.309117613046329],[88.670063239243945,27.309104427697573],[88.670088949925685,27.309075351918743],[88.670180994902921,27.308996237377983],[88.67021409063463,27.308974766762493],[88.670244725880778,27.308950761876684],[88.670259972087791,27.308942308203008],[88.67028511413595,27.308941628939781],[88.670300266918147,27.308937908556857],[88.670391459394239,27.308901387177063],[88.670406705601238,27.308892934297837],[88.670437104590462,27.308880761033105],[88.670472615891953,27.308864191310739],[88.670505618198845,27.308847454763214],[88.670518354512964,27.30883883186435],[88.670536062103835,27.308832914047404],[88.670597047830157,27.308799101707461],[88.670612246426444,27.308793013872833],[88.670627492633457,27.308784560985298],[88.670642692128069,27.308778474746266],[88.670688430749067,27.308753114482066],[88.670703628447058,27.308747028241317],[88.670736584041563,27.308732656729802],[88.670739281682359,27.30872336014481],[88.67073260540316,27.308680259164881],[88.670713662628756,27.308622118552048],[88.670709211476535,27.308593384274999],[88.670704475558338,27.30857884911325],[88.670702249533065,27.30856448236916],[88.670697513614911,27.308549946405439],[88.670695288487934,27.308535580455771],[88.670681082530038,27.308491974143983],[88.670678856504765,27.308477607388607],[88.670674120586597,27.30846307221173],[88.670666923284543,27.30844600115886],[88.67066469815758,27.308431634397568],[88.670635717608178,27.308372818378771],[88.670630982588335,27.30835828238995],[88.670587512213402,27.308270057493548],[88.670582777193559,27.308255522289446],[88.670553797542496,27.308196706177306],[88.670514780116434,27.308137214756883],[88.670504978598373,27.30812470776165],[88.670490488772828,27.308095299674793],[88.670482464122415,27.308083947670688],[88.670459868798062,27.308030436309512],[88.670457190021892,27.307967122214706],[88.670480777984608,27.307952475222756],[88.670511269500324,27.307935569319053],[88.670544224196505,27.307921197702441],[88.670559376080419,27.307917478083539],[88.670604971869281,27.307899216828101],[88.670617614758598,27.307895327989691],[88.670632860965583,27.30788687423561],[88.670648058663573,27.307880787947305],[88.67066321144577,27.30787706673064],[88.670703741634753,27.307860835296026],[88.67071898694347,27.307852381539323],[88.670734185539743,27.307846295249121],[88.670774857662536,27.307822964600081],[88.6707902934141,27.307805046556084],[88.670776087456161,27.307761439957218],[88.670754351819554,27.307717327280525],[88.670739815281635,27.307690284959843],[88.670735080261764,27.307675749679802],[88.670713344625156,27.307631637767258],[88.670701175148011,27.307611863070623],[88.67070402101082,27.307559573532235],[88.670717008853188,27.307526734613575],[88.670722121165468,27.307508565087357],[88.670729843083649,27.307490084258394],[88.670735032651052,27.30747382083899],[88.670737739275012,27.307455044668465],[88.670742927944104,27.307438782042141],[88.670745634568064,27.30742000506747],[88.670745834892344,27.307401082018078],[88.670753953865869,27.307344753460008],[88.670754353616189,27.30730690573591],[88.670759766864109,27.307269352536963],[88.670759966290078,27.307250429461899],[88.670762723219681,27.307226922283931],[88.670763122071691,27.307189074519641],[88.670755922972987,27.307157881394076],[88.670748600805112,27.307138514496831],[88.670738870253956,27.307109539575222],[88.670734055284044,27.30709032033791],[88.67071196211792,27.307044049838854],[88.670689993817675,27.306985950673777],[88.67068269590429,27.306964219453413],[88.67069312444643,27.30692696227392],[88.670700845466271,27.306908480549872],[88.670706060186518,27.306889851154121],[88.670713782104713,27.306871370222122],[88.670718995028295,27.306852741618357],[88.670726741200966,27.306831894787809],[88.670747574030727,27.306759745423193],[88.670778434754013,27.306688185889122],[88.670781141377972,27.306669410383854],[88.670788888448968,27.30664856351888],[88.670794102270889,27.306629934877723],[88.670799515518809,27.306592382247882],[88.670804729340688,27.306573753597284],[88.670805053632506,27.306543002507905],[88.67080274586057,27.306523930841625],[88.670803094406864,27.306490815435222],[88.670798503117467,27.306450306180906],[88.6707988525621,27.306417189954313],[88.670796544790136,27.306398119064635],[88.670794335832866,27.306369586159509],[88.670792027162591,27.306350514463421],[88.670782372069894,27.306314443222444],[88.670767727734145,27.306275709928414],[88.670760503482612,27.306246882451038],[88.670738360909183,27.306205341017229],[88.670716393507249,27.306147243009541],[88.670696732978939,27.30610821591419],[88.670679655107051,27.306062238748702],[88.670669823944579,27.306042724788696],[88.670662501776704,27.306023358495029],[88.670633011882558,27.305964817382428],[88.670618366648469,27.305926084764572],[88.67057904649019,27.305848030404626],[88.670574206367419,27.305831177660821],[88.670559561133345,27.305792444996325],[88.670554746163447,27.305773226329158],[88.670532776964862,27.305715127297017],[88.670513117334849,27.305676100049709],[88.670505795166974,27.305656733692114],[88.670481145395584,27.305615045963503],[88.67046640044849,27.305585774505143],[88.67045907738229,27.305566408131771],[88.670449248016453,27.305546894882788],[88.670441974357615,27.305522797460355],[88.670432144991779,27.305503284203716],[88.670424821925565,27.305483917815955],[88.670414991661431,27.305464403754264],[88.670407669493528,27.305445037359682],[88.670383019722138,27.305403349551593],[88.670365791831642,27.305371566039675],[88.670353454369504,27.305351905085782],[88.670338709422452,27.305322634356219],[88.670323864762366,27.305302825722887],[88.670306662922997,27.305268676256492],[88.670279481699112,27.305229205839641],[88.670269626282163,27.305212057660114],[88.670254731316419,27.305196980063389],[88.6701953787273,27.30511537949015],[88.670178026869252,27.305095423148767],[88.670165664254299,27.305078127277511],[88.670153376199536,27.305053735209324],[88.67012418634269,27.304966807990642],[88.670114331824024,27.304949659770568],[88.670075037716856,27.304869239587923],[88.670047565438864,27.304820274955816],[88.670038174450866,27.30479606243135],[88.670008685455045,27.304737520671377],[88.669979395885193,27.304660056161978],[88.66996969048688,27.304628713855713],[88.669959860222718,27.304609200441863],[88.66993789371908,27.304551102396811],[88.669904211387475,27.304414204208015],[88.669896864066786,27.304397203574521],[88.669884751183503,27.304356253732902],[88.669879936213576,27.304337034817028],[88.669872614944012,27.304317668225739],[88.669850496625074,27.304273761719404],[88.669822791683387,27.304283966261949],[88.669784932185749,27.304305409048791],[88.669764748837963,27.304316056604634],[88.669726939645969,27.304332766695822],[88.66966638960254,27.304364708554175],[88.669638610100705,27.304382009325963],[88.669620723745098,27.304353795991585],[88.669608995340724,27.304335295479824],[88.669581814116881,27.30429582552927],[88.669557165243788,27.304254136491274],[88.669552299968217,27.304239649453084],[88.669542470602366,27.304220135970862],[88.669542694282868,27.304198846427344],[88.669555455749816,27.304178294442789],[88.669585967926722,27.304139851756691],[88.669618912741484,27.304108652984748],[88.669659428557395,27.304073165318851],[88.669687358077923,27.304041671183299],[88.66970508363508,27.304026146419059],[88.66971779569468,27.30401032471126],[88.669717969967849,27.303993767033401],[88.669673187154316,27.30395799436268],[88.669653353251164,27.303935525782997],[88.669618524669275,27.303907440051962],[88.669591144019392,27.303886893601064],[88.669571310116254,27.303864424208751],[88.669536481534351,27.303836338459728],[88.669521537161302,27.303825991790934],[88.669486859496388,27.303783713481799],[88.669467025593249,27.303761244866838],[88.669427307481271,27.30372103634781],[88.669407424170757,27.30370329804196],[88.669347697882472,27.30365717859307],[88.669245796589891,27.303565973349365],[88.669186069403267,27.30351985464166],[88.669123935630026,27.303464125981758],[88.669064209341755,27.30341800643351],[88.669044275725582,27.303404999211971],[88.669024366363942,27.303389626023179],[88.668982017086492,27.303361097932243],[88.668969555656886,27.303353264060814],[88.668927255786798,27.303320004824357],[88.668867454938308,27.303280981524235],[88.668852486310755,27.303272999973725],[88.668810286153629,27.303230279231649],[88.668785512414715,27.303200418844828],[88.668758356343687,27.303158582520027],[88.668743488327422,27.303141138673301],[88.668728667921854,27.303118963679083],[88.66869143275332,27.303081269371724],[88.668674106048144,27.303058947490026],[88.668654222737615,27.303041208280106],[88.668634389732802,27.303018738716592],[88.668587150026951,27.30297808850354],[88.668564684958326,27.302967298733137],[88.668532289014237,27.302946456760413],[88.668512331143546,27.302935814660835],[88.668492397527402,27.30292280738281],[88.668372645811829,27.302858954756495],[88.66835271219567,27.302845946671209],[88.668320241691404,27.302832201012425],[88.668285314294877,27.302813577318329],[88.668265380678704,27.30280056922771],[88.668245422808027,27.302789927912418],[88.668125822009401,27.302711880925724],[88.668103381195309,27.302698725947241],[88.668083472731965,27.302683352660594],[88.668058625331213,27.302660588474335],[88.668038840835408,27.302633387668315],[88.668016724313105,27.302589481293939],[88.667991976625345,27.30255725395298],[88.667964870859947,27.302510687811548],[88.667937500091554,27.302466768616775],[88.667920464440527,27.302439432062329],[88.667906020429072,27.302381775905417],[88.667901379732299,27.302345998723993],[88.66790180463542,27.302305785701058],[88.667899496863484,27.302286714104866],[88.667899697187764,27.302267790978469],[88.667897364263013,27.302251084567629],[88.667892549293072,27.302231865287201],[88.66788272082556,27.302212351451967],[88.66785551444886,27.302175246738138],[88.667838163489122,27.302155289868136],[88.667823319727376,27.302135480669495],[88.667800853760454,27.302124690817184],[88.667778463251992,27.302106805379459],[88.667738597816296,27.302080789031038],[88.667698680278349,27.302059504664914],[88.667616464666921,27.302004960664167],[88.667599063401553,27.301989734956617],[88.667576647740233,27.301974213896589],[88.66753933890989,27.301943614795753],[88.667479614418198,27.301897495413961],[88.667457197858596,27.301881974341057],[88.667444761581805,27.30187177516537],[88.667358331075079,27.301784273910741],[88.667342988748345,27.301768740848345],[88.66731811529641,27.301748341677026],[88.667303271534678,27.301728531607534],[88.667251093789716,27.301680489160908],[88.667238706920259,27.30166555876005],[88.66712090904042,27.301547854861681],[88.667057475404931,27.301484472410632],[88.667035084896483,27.301466586071463],[88.667004303224971,27.301429055642057],[88.667000408129894,27.301424306863645],[88.666983032915667,27.301406715866658],[88.666980098119652,27.301404395358759],[88.66695254229829,27.301382608764605],[88.66695068727725,27.301381142382105],[88.666910997013034,27.301338568587916],[88.666878777138734,27.301301168229852],[88.666851597711528,27.301261697998569],[88.666844225237966,27.301247062095445],[88.666829631207861,27.301203598201297],[88.666817294644062,27.301183936509087],[88.666809848508677,27.301176397038233],[88.666798877384096,27.301168800092913],[88.666787433745696,27.301160876662749],[88.666687917480218,27.301081643926658],[88.666668034169732,27.301063904400735],[88.666630675931998,27.30103803708084],[88.666610743214136,27.301025028782163],[88.666583387717125,27.301002116579326],[88.666563454999306,27.300989109074667],[88.66652115692581,27.300955848331569],[88.666506213451044,27.300945501394231],[88.666483873248282,27.300922883729893],[88.666456618362531,27.300890509026722],[88.666441725193451,27.300875431641174],[88.666424273622411,27.300864937019718],[88.666334687334071,27.300795755671086],[88.666317312119844,27.300778163776254],[88.666254538746102,27.300728321655637],[88.666207843419357,27.300691245182843],[88.666165670211683,27.300646157422879],[88.666145812952351,27.300626053399224],[88.666123422443889,27.300608166921762],[88.66610108224107,27.300585549188682],[88.666078692630947,27.300567661906427],[88.666043916151352,27.300534845664842],[88.666021500490089,27.30051932440141],[88.665979303027925,27.30047660259951],[88.66587988827203,27.300387907651157],[88.665857473509064,27.300372386367144],[88.665835133306288,27.300349768586024],[88.665825179074616,27.300342082179437],[88.665801128479529,27.300326607986168],[88.665762898875954,27.300300544921658],[88.66573293646799,27.300286946625086],[88.665693020726636,27.300265661914977],[88.665673088008802,27.300252653525781],[88.665633173165773,27.300231368809083],[88.665590699022502,27.300214666881239],[88.66557074205015,27.300204024519772],[88.665550759026658,27.300195746594628],[88.665490885414684,27.300163819501719],[88.665470952696822,27.30015081110059],[88.665450993927848,27.300140168732995],[88.665411129390492,27.300114151923633],[88.665371213649152,27.300092867978652],[88.665338868909032,27.300067293393134],[88.665299004371661,27.300041277364983],[88.665289075292819,27.300031224899719],[88.665266685682695,27.300013339124654],[88.665256756603839,27.300003286656846],[88.665239430796959,27.299980963357957],[88.665136023029675,27.29987826095822],[88.665115295302826,27.299857675445036],[88.665102910229962,27.299842744798994],[88.665093131169797,27.299818500056602],[88.665095863844911,27.299797357346925],[88.665096064169191,27.299778434594419],[88.665098770793136,27.299759657920273],[88.665096463919497,27.299740586684909],[88.665096613938147,27.299726393615732],[88.665099322358742,27.299707616932807],[88.66509952268305,27.29968869336674],[88.665092602062103,27.299631478815993],[88.665093202136703,27.299574707270875],[88.665095908760662,27.299555931360544],[88.665093601887008,27.299536859291912],[88.665093802211302,27.299517935696723],[88.665086881590355,27.299460721057976],[88.665087682887602,27.299385025807712],[88.665090390409858,27.299366249865297],[88.665090990484487,27.299309477386291],[88.665084069863511,27.299252264236603],[88.66508680253861,27.299231121419105],[88.665087001964608,27.299212197771809],[88.665084695090954,27.299193126442386],[88.665085220605391,27.299143451245612],[88.665087928127676,27.299124674464089],[88.665088129350295,27.299105750798649],[88.665090835974254,27.299086974808997],[88.665091036298577,27.299068050338839],[88.665096451343075,27.299030497545377],[88.665096851991706,27.298992650179144],[88.665094545118066,27.298973578812014],[88.665097277793137,27.298952436739658],[88.665094970919483,27.298933365365645],[88.665095921337084,27.298843476573715],[88.665093614463416,27.298824405979232],[88.665099029507942,27.298786853103316],[88.665096722634289,27.298767781700832],[88.665104468807002,27.29874693415],[88.66510968352722,27.298728305779164],[88.665121047215564,27.298704830323501],[88.665206196724711,27.298528911927608],[88.665222423892004,27.298488102012978],[88.665245336321647,27.298404158375025],[88.665250611228998,27.298371307966548],[88.665273313452857,27.298356016302424],[88.665353939944566,27.298313209849592],[88.665391764407914,27.298289299248601],[88.665432079001221,27.29826789601136],[88.665449727303297,27.298257053097235],[88.66546243307468,27.298236460897261],[88.665467763677555,27.298196510613458],[88.665468059223301,27.298158646199173],[88.66546569934907,27.298139571495692],[88.665466253609566,27.298068572379083],[88.665468909927895,27.298049781046856],[88.665469501917642,27.29797404971049],[88.665472157337632,27.297955257563977],[88.665472601105364,27.29789845961691],[88.665475256525355,27.297879667457597],[88.665475552071086,27.297841801338748],[88.665478190423059,27.297825376850774],[88.665488499489257,27.297790443573305],[88.665491154909247,27.297771652193969],[88.665501483738396,27.297734351216786],[88.665504139158358,27.297715560626237],[88.66550930267465,27.29769691052892],[88.665509450896664,27.297677977839061],[88.665517233900289,27.297645269308717],[88.665519889320237,27.297626477904839],[88.665561219908156,27.297474910827027],[88.665566365458105,27.29745862757974],[88.665574037070641,27.297440118734276],[88.66558436500145,27.297402819242237],[88.665594619270408,27.297374985710515],[88.665632979129697,27.297282442180823],[88.665653634093033,27.297207842279981],[88.665656290411306,27.297189050802032],[88.665656438633334,27.297170117227306],[88.665654023063539,27.2971581430448],[88.665652342315639,27.29712358794168],[88.66561197741666,27.297080006682599],[88.66774847658948,27.298018700304066],[88.668934143170077,27.299544893796369],[88.669413763581744,27.299917803524732],[88.670008915423736,27.300380538952961],[88.670802961456232,27.30099791218997],[88.672140660712088,27.30203796246191],[88.672382430592734,27.302225935942538],[88.672382698290676,27.302226143485587],[88.673886673909038,27.303152298808204],[88.674587950023778,27.303584145117494],[88.675863440946245,27.304369588914284],[88.676878218315366,27.304941646411137],[88.678359061416842,27.305776431170059],[88.678859407758736,27.306058486340643],[88.679098900410125,27.306193493128962],[88.682533853240713,27.307943275154813],[88.682748234386622,27.308034408954239],[88.684907589395223,27.308952351879253],[88.685238006824704,27.309092811594788],[88.693121865201604,27.312971882171698],[88.693484360571588,27.313150232827269],[88.693745146888446,27.313291190869531],[88.70229955270915,27.317914854264981],[88.707475867260101,27.320717410964729],[88.710664320580094,27.321999205581765],[88.712318437920118,27.322664143153883],[88.717677299119956,27.321667011045104],[88.717815262381279,27.321604284953349],[88.722536063709569,27.319457920120993],[88.729631123113549,27.316230762531848],[88.732412260520803,27.314965639274487],[88.739634940882269,27.309574390745595],[88.74236331124969,27.307941416942139],[88.742567847758423,27.307818997535154],[88.743448963898103,27.307291629670484],[88.743847482609297,27.307090165485672],[88.745132110296538,27.306440741205471],[88.746122542423137,27.305940039970942],[88.746423248972889,27.305894498561734],[88.746950873556727,27.305814589922381],[88.747229522873013,27.305772388999614],[88.747526582262751,27.305727399887964],[88.747982092790522,27.30565841154581],[88.749112888476901,27.305487151401081],[88.749604146563058,27.305412750183201],[88.749834977658452,27.3053777905576],[88.762640708171986,27.303726740511276],[88.768416992229859,27.302985563194788],[88.768417146740063,27.302985543238858],[88.768428071152229,27.302984141534719],[88.768548285500202,27.302968717200436],[88.768976267156049,27.302913800869597],[88.769000476752979,27.302910694129238],[88.769234896617931,27.302880614939316],[88.769452668005755,27.302852671825956],[88.769858629259062,27.302800581201289],[88.770357049612969,27.302736627128372],[88.770357645196029,27.302736550497425],[88.771011042902757,27.302652709852079],[88.771664439711174,27.302568869941624],[88.771664596018041,27.302568849985612],[88.771664650815296,27.302568842801453],[88.771664812512029,27.302568822047213],[88.77494927417635,27.30214737688555],[88.775008499204716,27.302139777611949],[88.775096703884117,27.302128459323097],[88.778540718020977,27.301686539868122],[88.782304185649281,27.301254157734764],[88.785042058395803,27.300939603910965],[88.785289392441314,27.300911187743811],[88.788304436775491,27.30056478898894],[88.802682819110828,27.298912840345476],[88.80315764431549,27.298853608174955],[88.804052959226567,27.298741921030295],[88.806567818017271,27.298428201464056],[88.812859389196873,27.297643347061605],[88.813286443791355,27.297609502574819],[88.820427726008276,27.297043514928642],[88.828014145008069,27.29755346440966],[88.838917312920088,27.298177319368818],[88.840850299663629,27.298287829632145],[88.842783285508844,27.298398338987191],[88.847853187427887,27.298729595779587],[88.852433360193388,27.29902885311861],[88.852923088448634,27.299060850785278],[88.853571250773882,27.29910316841174],[88.853717743538851,27.299112732422998],[88.853864235405496,27.299122296433392],[88.857713041189143,27.299373576322854],[88.858445676592154,27.299421407430028],[88.860010930787595,27.299468737207896],[88.861441608370356,27.299511997426244],[88.865024737408746,27.29962034387145],[88.870141405621467,27.299551950429699],[88.872039950058692,27.299526572091985],[88.879236415783524,27.300182848356741],[88.881184394510825,27.30036043248645],[88.881490223254374,27.300388313165008],[88.88444811138028,27.300755121407217],[88.887555380354797,27.301140452633994],[88.890662649329315,27.301525782523107],[88.891653254830757,27.301648626354719],[88.892363528471392,27.301736706444615],[88.892409090124318,27.30174235642933],[88.893576524497874,27.301887128608286],[88.893896083990512,27.301914716745863],[88.895119347760669,27.3020203204746],[88.897381221204455,27.302215588325403],[88.898529855635772,27.302314749956789],[88.901607614054853,27.302580452402943],[88.907722421041029,27.303757964135741],[88.908107846806942,27.303723939516395],[88.908263193367333,27.303710225895621],[88.908303028260292,27.303706709684636],[88.908510973875536,27.303688352746768],[88.908695944179044,27.303656030735262],[88.908727176804859,27.303777710782796],[88.908773087004079,27.303956575908011],[88.909338722900827,27.304650749657128],[88.909807165575415,27.305037592762684],[88.910086557798437,27.305268315460793],[88.910275502248766,27.305424345917498],[88.910751011071397,27.305916319391763],[88.911295489846552,27.306479646855692],[88.911943738410088,27.307295666198165],[88.912030637837418,27.307405055483567],[88.912538861506036,27.308124342186037],[88.912932194243098,27.308893880158273],[88.913243759628031,27.309228394977293],[88.913362074039142,27.309422411354237],[88.913666420562478,27.309921486933199],[88.91379404062161,27.310424694857932],[88.913887184238462,27.310791957618772],[88.914194718882712,27.31156085531239],[88.914501307601,27.312431961250134],[88.914586731096321,27.312866391827519],[88.91469252748395,27.313404425376241],[88.914897674847069,27.313778647801492],[88.915030103587938,27.314020219241574],[88.915590369355925,27.315302061719862],[88.915739186062524,27.315525150352052],[88.916070040971533,27.316021121638009],[88.916122960724934,27.316057188925353],[88.916411189675415,27.316253630885335],[88.917290422946294,27.317077857407746],[88.917386930753892,27.317145500975517],[88.918285280173976,27.31777516394207],[88.918566620842867,27.31828831921705],[88.918901630460084,27.319185174768759],[88.919095262319573,27.319902109674228],[88.919151265091017,27.32014533743294],[88.919177852528478,27.320260809236188],[88.919260288227164,27.320618833235066],[88.9192503573517,27.321692016394159],[88.919067593310501,27.32289169109298],[88.919066317702814,27.323029513819598],[88.919065122943479,27.323158576519173],[88.919061040100516,27.323599732879895],[88.919060971828557,27.32360714632533],[88.919224820943114,27.324451627011328],[88.919220714743958,27.325139094775068],[88.91921736492624,27.325699996652567],[88.919213845326979,27.326289256685673],[88.919210664392565,27.326821954701288],[88.919207165454537,27.327407910384867],[88.919205272704218,27.327724792924776],[88.919202376535736,27.327966081804671],[88.918706595432127,27.328390983426221],[88.917513596802181,27.329080071545821],[88.917370012782129,27.329193732850413],[88.917198812753597,27.329329254155883],[88.916332776632572,27.330014800317652],[88.915691293281469,27.330527015528691],[88.915556013287869,27.330610104904309],[88.915400211281622,27.330705797624994],[88.91509693734676,27.330638930040784],[88.915093015302233,27.330636304495709],[88.914550434667262,27.330273004272733],[88.913396815484461,27.329752948698449],[88.913267886579902,27.329694827110881],[88.912962388416403,27.329616234833061],[88.912647119277565,27.329535128654808],[88.911101600170596,27.329226387390335],[88.909572705286251,27.32898294412426],[88.908717435473903,27.328846759215168],[88.907417076489438,27.328630274927139],[88.907298521329821,27.328627515261672],[88.905782221724081,27.328592216596675],[88.905405277851088,27.328666943835628],[88.905262976625238,27.328766883867456],[88.904895437214975,27.329025007731715],[88.904440685763618,27.329680737629062],[88.90401243371484,27.330221763667577],[88.903708450110912,27.330605795497899],[88.903398952647763,27.330925115676173],[88.903123939711747,27.331208853002831],[88.902570025931141,27.331464170887124],[88.901496104382019,27.331959173110494],[88.901348112328861,27.33202336730249],[88.90024449067981,27.332502076954132],[88.900074233882336,27.332575926923294],[88.900071485037543,27.332577119171226],[88.900009291975493,27.332604095573018],[88.899723607952197,27.332728013446395],[88.899621641082589,27.332772242264401],[88.899238809651223,27.332896348282954],[88.899160599627677,27.332921702229186],[88.898881335863706,27.33301223454739],[88.898073312943737,27.333028356164828],[88.897940514097002,27.333031005593874],[88.896540423251352,27.332645659041788],[88.895459789490417,27.332146394428719],[88.895366784214104,27.332154584581101],[88.895054254038556,27.332182106936056],[88.894898673017877,27.332269779732197],[88.894850568234418,27.332296886287004],[88.894673743853886,27.332631579511247],[88.894370769058,27.333430537969686],[88.894321552160221,27.333560325930279],[88.894273009897205,27.333688333365075],[88.894006100663375,27.334217885178226],[88.893985420547196,27.334258914171919],[88.893584711743358,27.33505391635644],[88.893137344443687,27.335941474474012],[88.893071353304578,27.336119997266433],[88.892884846881927,27.336624542668453],[88.892705373369623,27.336901884655472],[88.892385483296962,27.337396213032889],[88.892057435623173,27.338414735634377],[88.891591611537663,27.338966490951158],[88.891471966721582,27.339108206176494],[88.891411318761811,27.339138485410764],[88.890776263754873,27.339455539498164],[88.88971247430382,27.339986637355207],[88.888626749790191,27.340432574406734],[88.887024571243302,27.341090627518287],[88.88662321834741,27.341250312517953],[88.885152469614781,27.341835469783582],[88.884889005420035,27.341940292608808],[88.884262088251262,27.342352757222631],[88.884015154854367,27.342515219672119],[88.883664486703438,27.342950613616988],[88.882888387213725,27.343914218661222],[88.882711603257363,27.344133711657541],[88.882227971867962,27.34476329955536],[88.882211255118847,27.344843449834606],[88.882061108905646,27.345563317981505],[88.882044058881533,27.345892150256738],[88.882025607485616,27.346248021662493],[88.88204091567637,27.346300373549663],[88.882165750958137,27.346727282676987],[88.882980152814923,27.347832041096154],[88.882984364116979,27.347836555694627],[88.883016288445575,27.347870775036561],[88.883646075731704,27.348545850450666],[88.88364865928645,27.348543523747811],[88.883818335772233,27.348730496029088],[88.884255217935959,27.349198785492469],[88.884313211374078,27.349290653768787],[88.884462352372481,27.349526903227339],[88.884651455824638,27.349826452786004],[88.884729589491428,27.349950221344187],[88.884911075229951,27.350237703962204],[88.885352938551918,27.350951888782213],[88.88536556077996,27.351145845720115],[88.884988530668693,27.351220518655676],[88.884598262085092,27.351165850424806],[88.88406425586949,27.351006695153899],[88.883733855507998,27.350914145305246],[88.883400244567667,27.350820696154226],[88.882734627078108,27.35080269569394],[88.882414214185928,27.350872925398711],[88.881936899749604,27.35097754339213],[88.881871478142429,27.351023463637027],[88.881426891128541,27.351335520048362],[88.881084052693609,27.351823577283216],[88.880957324661509,27.352003982228982],[88.880806351099935,27.352256069451233],[88.880633720055158,27.352544317634869],[88.880585592813787,27.353035061579462],[88.880611013339717,27.353476544243598],[88.880622817202536,27.353681546491355],[88.880761061636562,27.354056800249463],[88.880904589961077,27.354446395984173],[88.880933171658498,27.354523978905508],[88.881279309605461,27.35555768767572],[88.881453818129174,27.356078835688571],[88.881513536332605,27.35656034799127],[88.881561310536085,27.356945562708795],[88.881652597335233,27.357993102587358],[88.881601997031922,27.358742306267406],[88.881345915192171,27.359787190731286],[88.881093917992033,27.360405615866313],[88.880890045338333,27.360533297091973],[88.880181447953987,27.360463261001613],[88.880037973528403,27.360452646761122],[88.876919880753036,27.360221948737603],[88.876869056769195,27.360218188588547],[88.876656315946974,27.360216557036487],[88.876203264108156,27.360213080912935],[88.875970438752816,27.360340534182935],[88.875838778969865,27.360666559731431],[88.875673868944929,27.361074923239872],[88.875347352000418,27.361912472642466],[88.874615928424703,27.362708138825944],[88.873745459117785,27.363165395397306],[88.873597504793835,27.363243115016658],[88.873245975158554,27.363502020991998],[88.872416610962389,27.364112855880485],[88.871908388192068,27.364276952211664],[88.870373989330005,27.364278049180811],[88.869314614200292,27.364554201037539],[88.869225907362619,27.364598422735046],[88.868063682319374,27.365177811502424],[88.866943954775593,27.365721927154301],[88.866754715677843,27.365813884638001],[88.866360265436583,27.366185624536026],[88.865863487203001,27.366659964735042],[88.865439203012826,27.367121939779487],[88.864842560865753,27.367624501129004],[88.864709439523807,27.367736631859533],[88.864649910864841,27.367809686100188],[88.864050155156988,27.368545726444438],[88.863701996000657,27.368968324872636],[88.863669282052953,27.369008033464816],[88.863274612622746,27.369297855098484],[88.863042330748172,27.369468427923007],[88.862925766255188,27.369640608762939],[88.862807334164799,27.36981554877238],[88.862803935838087,27.370164467466758],[88.863029116530328,27.370825334692551],[88.86304087457907,27.37090282636208],[88.863219559370563,27.37208043012377],[88.863397956701164,27.372803124691117],[88.863414538702997,27.372870300278382],[88.863393742704162,27.37293538975225],[88.863364893308798,27.373025682756637],[88.863307799084311,27.373204376325571],[88.863301276417019,27.37322479425837],[88.863295086126385,27.373244166361932],[88.8632767712744,27.373282653689586],[88.863266618515041,27.373303985807283],[88.863043844409404,27.373772094765293],[88.863010739694573,27.374198326016103],[88.863028913511087,27.37463988383584],[88.863045858432272,27.375051574130996],[88.863130044947468,27.37535773550724],[88.863393175867216,27.376314652166013],[88.863423362854022,27.376424432818364],[88.863636985821842,27.376821211351242],[88.863722241332212,27.376979561325079],[88.86406389488927,27.377614133965707],[88.864233896565196,27.377929886943477],[88.864235795603733,27.377956932069853],[88.864274359380559,27.378505960905052],[88.864284759176599,27.378654015049403],[88.864235719246921,27.3789619157914],[88.864192244380419,27.379234871368016],[88.864143164924897,27.379290308270381],[88.863328589693225,27.380210381939701],[88.863293361361059,27.380248099475512],[88.863184381344055,27.380364779345744],[88.862377629540219,27.381228521960775],[88.862202077174103,27.381416475221574],[88.862142858433955,27.381545372588295],[88.861965414215888,27.381931589174528],[88.861935233517272,27.382563805030266],[88.861934426830146,27.382580704336352],[88.861929027057002,27.382693811406916],[88.86208247457887,27.383289498919623],[88.862083479793682,27.383298620146107],[88.86208478414747,27.38331045899443],[88.86216227911207,27.384013852776164],[88.862122369658962,27.384170577208987],[88.86198162970507,27.384723257151126],[88.861845429836649,27.385041290249099],[88.861463092478672,27.385934063934066],[88.861075896133343,27.38638985180782],[88.860950470658452,27.386537495785216],[88.860761187543233,27.386544913792736],[88.860675281652604,27.386548280610825],[88.860559716984582,27.386521533507562],[88.860525997822052,27.386463892373339],[88.860501570832852,27.386422136132676],[88.860445793538545,27.386326790663301],[88.859932069485438,27.385560289388074],[88.859795704327013,27.385457039331147],[88.859500918573261,27.385233838643511],[88.859315344601868,27.385187513028079],[88.858746286123889,27.38504545635427],[88.857897779727324,27.384833634076298],[88.856627996700169,27.384397242643928],[88.856140772947967,27.384387478601543],[88.855571320109561,27.384376067409352],[88.854486151653077,27.384653069659581],[88.854413921714368,27.384671507310824],[88.854294066692532,27.38470210112251],[88.854033407936399,27.384724718442843],[88.853798964715253,27.384745061663637],[88.853337709461243,27.384785085248641],[88.853247933628381,27.384752636130401],[88.853014549520935,27.384668280024137],[88.85288649108395,27.384621994054317],[88.852789496389434,27.384586935777346],[88.852525136574386,27.384496703257629],[88.852057172701848,27.38433697533284],[88.851672584165769,27.384205704215962],[88.851433129243631,27.384123971969807],[88.851057396299638,27.384038279314861],[88.850607433767095,27.383935656388513],[88.850494178667645,27.38390982595579],[88.850247163524074,27.38391477619761],[88.850030797101368,27.383919112245529],[88.849788260957808,27.384012254278666],[88.84977572496804,27.384017068914815],[88.849431184225651,27.384149384382649],[88.849173358755948,27.384248397736549],[88.848672945938731,27.384494134027044],[88.848111328206244,27.38476992594962],[88.84785889622151,27.38483116376187],[88.847182515118234,27.384995247717494],[88.847032489279243,27.385000544089245],[88.846914613245985,27.385004705410076],[88.846556779234021,27.385017338531412],[88.846284569041686,27.385026949370143],[88.845750331959053,27.384880578016499],[88.845365232281623,27.384688620862377],[88.845136947910035,27.384574829055452],[88.844885632531188,27.384449557348937],[88.844828293066627,27.384420975939651],[88.84453837258846,27.384249837497954],[88.843763156142657,27.383792230128506],[88.843447617509227,27.383416657602897],[88.843360400976593,27.383312846386342],[88.843223185113587,27.383149523295248],[88.842976163681811,27.382855500761863],[88.842860157940976,27.382720864142971],[88.842684481607364,27.382516974970439],[88.84233567027411,27.382112143675812],[88.842303455789718,27.382074754616848],[88.842112298788834,27.381934020467966],[88.841634816367545,27.381582482641345],[88.841285209126951,27.381325089871329],[88.840937613214294,27.381069177784322],[88.840417926144326,27.380686563689228],[88.839736268337063,27.380184699005735],[88.839579280554645,27.380069117353532],[88.839176790391591,27.379772786111943],[88.839127163862059,27.379736248986848],[88.838564645119334,27.379460561774049],[88.837974601996336,27.379171384167247],[88.837922126010682,27.379168735841866],[88.837699845080166,27.379157518747299],[88.837670732478429,27.379156049405143],[88.837451403411904,27.379374013576918],[88.837325470388862,27.379758706988007],[88.837276703547033,27.37990767679139],[88.837257292750351,27.379966970949841],[88.837071066602078,27.380465625165307],[88.837054324700134,27.38051045471769],[88.836939365496576,27.380818277704424],[88.83693006074688,27.380843193924349],[88.836769895623291,27.381090353651956],[88.836708214600947,27.381185537718995],[88.836463457821978,27.381563234839],[88.836430136613188,27.381614654302471],[88.836243557426982,27.381876920953186],[88.836233386701338,27.381891218368803],[88.836007711037311,27.382208439608398],[88.835945585348924,27.382295767300565],[88.835824312785562,27.382394419376084],[88.835671188657187,27.38251898189365],[88.835312418600665,27.382810830096915],[88.834928996077849,27.38312273149878],[88.834734102983703,27.383281270272516],[88.834694891521565,27.383314296529488],[88.834568085336059,27.383421101354116],[88.834410872076489,27.383553514051354],[88.834255146427026,27.383684676663393],[88.834067210784767,27.383842965763435],[88.833729945497879,27.38412702777709],[88.833624454537414,27.384215877469849],[88.833013898384891,27.384506258306072],[88.832985624809638,27.38451970508715],[88.832777928027738,27.384618485993684],[88.832475235302866,27.384762445606501],[88.832186584144196,27.384995010816525],[88.831935197798458,27.385197550592046],[88.831931143701581,27.385202255101614],[88.831540381044576,27.385655715282393],[88.83139321364483,27.385826494205908],[88.831346921661591,27.386003628454219],[88.831239940396102,27.386412982460708],[88.831178536953161,27.38664793391299],[88.831167389758818,27.386690588204445],[88.831162015138489,27.386869608268171],[88.83115138537373,27.387223652196234],[88.831145665800307,27.387414147682623],[88.831148091251563,27.387477721879886],[88.831154424374304,27.387643709833618],[88.831166282136067,27.387954483324954],[88.831177553297934,27.388249887346191],[88.831191539168586,27.388616427160834],[88.831190321053086,27.388632191326316],[88.831173607897213,27.388848480969482],[88.831161593828611,27.389003959053966],[88.831141636856259,27.389262217712819],[88.831082477404905,27.389328530655639],[88.831046376808587,27.389368996853399],[88.830791139385212,27.389655097729424],[88.830511988808979,27.389968000771781],[88.829963619430316,27.390314270067002],[88.829885442644411,27.390363634015319],[88.829707876255441,27.39038504818339],[88.828704314352663,27.390506070697324],[88.828647021600446,27.390512979565656],[88.828377839628928,27.390545441350682],[88.828018005967166,27.390551788701728],[88.827094378853289,27.390568079809018],[88.826757837608483,27.390574015593973],[88.825858104782839,27.390589884764399],[88.825790260419325,27.390579671418909],[88.825114989633761,27.39047801966651],[88.825052298006682,27.390468582382187],[88.824860588541924,27.390439723365912],[88.824181189099264,27.390330882645241],[88.824062836958902,27.390345005887159],[88.823572354118838,27.390403536723543],[88.823309934664763,27.390582362541835],[88.823306960342848,27.390588306302121],[88.823163368237957,27.39087526703095],[88.82305873427029,27.391084370674715],[88.823009130198642,27.391201843096209],[88.822895571468621,27.391470774089171],[88.822787586784926,27.391733176888174],[88.82274714642746,27.391831446472832],[88.822710730522488,27.391945987732104],[88.822484947060659,27.392656162745375],[88.822446246739901,27.39277788784338],[88.822210590793105,27.39351910909263],[88.822193867755757,27.393571708208182],[88.822133316814046,27.39381880998085],[88.822011123477537,27.394317459968342],[88.821933063472613,27.394636009422456],[88.821894452983372,27.394793573803089],[88.821786135923062,27.395235594153682],[88.821776796139034,27.395276561457717],[88.821760546513872,27.39534783886786],[88.82167060988256,27.395742335467968],[88.82164810977963,27.395841028985863],[88.821570650747645,27.396180792489698],[88.821491075284825,27.396529835394698],[88.821410086772076,27.396885077433975],[88.821307267401295,27.397336074703773],[88.821286171365159,27.397428608066352],[88.821270673629868,27.397482478221782],[88.821217664943276,27.397666735106103],[88.821118605021951,27.398011062177094],[88.821024590937583,27.398337848454627],[88.820956028820149,27.398576164149844],[88.820878200580552,27.39871622153618],[88.820799509059981,27.398857834758036],[88.820720816641071,27.398999447798474],[88.820656281671106,27.399115583101011],[88.820352125590631,27.399492895182483],[88.820208787708921,27.399670707778814],[88.820072993878995,27.399839161763495],[88.819985096423395,27.399948199686403],[88.819685104034278,27.400241402365342],[88.819329998205816,27.400588472110769],[88.818875200042086,27.401032972739543],[88.818470993198559,27.401428024866565],[88.818434332951796,27.401463855393398],[88.818331645633364,27.401539777599186],[88.817740608973637,27.401976762525138],[88.817365881244456,27.402253817184],[88.816591795777597,27.40233629845979],[88.816545074399642,27.402322592258347],[88.816205828327554,27.402223073509273],[88.815718151824427,27.402080010714212],[88.81558955709319,27.402042286269076],[88.815327805985703,27.401954327378988],[88.815091984748904,27.40187508217301],[88.814543951340141,27.401690919233928],[88.814454610291889,27.401660897163751],[88.814196250324571,27.40157407604087],[88.814026309734061,27.401516968324035],[88.813662359093357,27.401446545056178],[88.813241409449532,27.401365092725399],[88.813122291046213,27.401342043358188],[88.813036756159818,27.40132730343645],[88.812581967877549,27.401248932670345],[88.812544229652488,27.40127952747817],[88.812432894252794,27.401369782191594],[88.812388839074629,27.401405496298228],[88.812136440327563,27.401610106699511],[88.812121282155474,27.401627658661585],[88.812030835281078,27.401732388979397],[88.811758085201262,27.402048210272696],[88.811586656102335,27.402246710466414],[88.811546160947614,27.402293599960149],[88.811476928687014,27.402373764407763],[88.811307570204789,27.402593790662941],[88.811216825988055,27.402711683109974],[88.811037631851818,27.402944486508648],[88.810882709296223,27.403145755661299],[88.810817778169152,27.403230111228829],[88.81076047194226,27.403304560807449],[88.810580860987727,27.403552086634022],[88.810567061068312,27.40357110491296],[88.81044024589967,27.40374587163377],[88.810220879103909,27.404048185348287],[88.810057845659642,27.404272864915175],[88.809942582825528,27.404431709912082],[88.809777223642953,27.404646834594569],[88.809666518860624,27.404790855856284],[88.809532454287591,27.404965270544686],[88.809528360664856,27.404970593074911],[88.809330559724145,27.405117899619693],[88.809231496209563,27.405191674038559],[88.808805796274498,27.405508700834101],[88.808654965545017,27.405621026828779],[88.808637857130464,27.405633768446702],[88.808247826600393,27.405760697274722],[88.807690010538195,27.405942228875293],[88.807615711779349,27.405966407333679],[88.807406371080489,27.406034533329585],[88.806956164206198,27.406181044152589],[88.806953150358396,27.406182025069633],[88.806787029404489,27.406316889914049],[88.806652830982515,27.406425838507161],[88.806240385689463,27.406760679270477],[88.806195678334433,27.406796973004564],[88.806180963031736,27.406874511245864],[88.806165676400568,27.406955059949762],[88.806160264050988,27.406983579709845],[88.80614897312617,27.407043069088949],[88.806148004742298,27.407137773855926],[88.806147057019658,27.407230375571324],[88.80617888433018,27.407358801837322],[88.806221314455996,27.40743041277964],[88.806379815001364,27.407697919065168],[88.806396071813069,27.407725356449966],[88.8064021507126,27.40773587683703],[88.80650732007615,27.407917894846193],[88.806580955878331,27.408045337020191],[88.806719107785867,27.408284438034396],[88.806768843011582,27.408370516218699],[88.806827246979765,27.408471594879291],[88.807025654283294,27.408814976775663],[88.807029976078127,27.40882749313754],[88.807058503876618,27.408910109862418],[88.807108138491003,27.409053852832084],[88.807202006149979,27.409325695821185],[88.807281461238546,27.409555800207833],[88.807309335063493,27.409636523197733],[88.807382172263388,27.409847460615261],[88.807401186903007,27.409902527297373],[88.807407492177973,27.410017782702475],[88.807407890131643,27.410025065160276],[88.807401128512495,27.410026576357932],[88.805452339504797,27.410652788569102],[88.805458769645625,27.410616950654568],[88.794383228505268,27.412641786561359],[88.794380436541402,27.412642296927363],[88.79414568879136,27.412685205144001],[88.794138184265478,27.412686575954673],[88.794017354571551,27.412708661235328],[88.79400678140064,27.412710594245411],[88.79400659005951,27.412710629333048],[88.794006371768873,27.412710670800283],[88.794006088799563,27.412710723431733],[88.794005466267052,27.412710840656356],[88.794005398893418,27.412710853415504],[88.794005141076951,27.412710901262269],[88.794004381102212,27.412711044802609],[88.794003625619041,27.412711185950641],[88.794002723710491,27.412711355009282],[88.794002320366928,27.412711430766699],[88.794001367254438,27.412711609394677],[88.79400132413528,27.412711618166583],[88.793995417712296,27.412712725022171],[88.793991095917463,27.412713536025141],[88.793983422508333,27.412714975415849],[88.79398067276523,27.412715492161077],[88.793979979265814,27.412715621347409],[88.793978020938511,27.412715989767623],[88.793977022011902,27.412716177167521],[88.79397489749627,27.412716575093242],[88.793973497022733,27.412716838250532],[88.793960522655084,27.412719272056773],[88.793956576356024,27.412720012087004],[88.79395006357025,27.412721234572214],[88.793940100355428,27.412723102988945],[88.793935521642425,27.412723961838591],[88.793928440223041,27.412725290384131],[88.793927257141789,27.412725512871642],[88.793919749920988,27.412726921161802],[88.793914702287395,27.412727868527977],[88.793897274072577,27.412731137260192],[88.79389423507196,27.412731707434286],[88.793874233183857,27.412735459418823],[88.793871813122479,27.412735913963175],[88.793861574124861,27.412737834213623],[88.793850661390792,27.412739882055448],[88.793847641254814,27.412740448242257],[88.793830521162135,27.412743660355446],[88.793826877595336,27.412744343766789],[88.793825648700007,27.412744574228739],[88.793823471183771,27.412744982521161],[88.793807056268577,27.412748062258149],[88.79380218200987,27.41274897692886],[88.793791942113913,27.412750897179116],[88.793787434367815,27.412751743269446],[88.793785077188531,27.412752185054572],[88.79378075180044,27.412752996854682],[88.793764902823881,27.412755969733684],[88.793759254217363,27.412757029539538],[88.793742781809996,27.412760119642986],[88.793739802996512,27.412760678652646],[88.793721686672185,27.41276407736763],[88.793719251339454,27.412764534304181],[88.793703246954323,27.41276753668836],[88.793698860480802,27.412768358855182],[88.793685586075867,27.41277084927896],[88.79368142507947,27.412771629978561],[88.793664844874286,27.412774740017763],[88.793660961457292,27.412775469680785],[88.79366017273648,27.412775617208283],[88.793645060378438,27.412778452128549],[88.793641662950051,27.412779089287795],[88.793639771098057,27.412779444151226],[88.793624850979498,27.412782243186314],[88.793622111117884,27.412782756741482],[88.793604853582949,27.412785995169131],[88.793601112998104,27.41278669612403],[88.793586802835648,27.412789381124185],[88.793580206506519,27.412790618760109],[88.793568114284469,27.412792886695982],[88.793566553910836,27.412793180156044],[88.793557742336205,27.412794833261199],[88.793404815837192,27.412823521369834],[88.793394998149452,27.412825362671679],[88.793370734653607,27.412829914490896],[88.792895093778668,27.412919141433633],[88.791383695381143,27.413202657450654],[88.791145997563689,27.413247244863616],[88.790649425044307,27.41334039089605],[88.790626851279512,27.41334462531222],[88.789833524797587,27.413493431045964],[88.789801439670597,27.413499449331152],[88.787143561900137,27.413997955504453],[88.786989842188717,27.414026785244413],[88.785969645283473,27.414218116506234],[88.785785028017855,27.414252738758677],[88.78471851217995,27.414452745709475],[88.784631075560071,27.414469142542536],[88.784146817146592,27.414559954255623],[88.782062337615258,27.414950831322294],[88.780806409304702,27.415734086046459],[88.780664534778623,27.415822563457237],[88.778434060148967,27.417213532369306],[88.777878425196292,27.417560028097981],[88.777666278160495,27.417692321758341],[88.776360357706082,27.418506674962437],[88.775866486420767,27.41881464094471],[88.775352189242511,27.419135338952501],[88.773804065021181,27.420100677562687],[88.773551755207365,27.420258002301807],[88.773437698810682,27.420329120866231],[88.773341147883926,27.420389323900498],[88.773309695170894,27.420397442137624],[88.773176607964942,27.42043179293514],[88.773176023161668,27.420431944439351],[88.773065317480985,27.420460518132483],[88.772762303159269,27.420538727754995],[88.772563330815402,27.420590083638654],[88.772483174142593,27.420610772705118],[88.771907175280731,27.420759437878448],[88.771813075856414,27.420783724728395],[88.77130116011196,27.420915847873452],[88.77121440351678,27.420938239300117],[88.771061742919073,27.420977638982233],[88.771031148995462,27.42098553470521],[88.771024370308297,27.420987284171552],[88.770843857445229,27.421033873071355],[88.770757375734519,27.421056192709351],[88.770627005932297,27.4210898400076],[88.770510465693846,27.421119917399928],[88.77014647283228,27.421213858962847],[88.770073440698013,27.42123270754815],[88.769750919459852,27.421315944131788],[88.769619442034866,27.421349876016972],[88.76940615413865,27.421404921017587],[88.769403736772233,27.421405544571591],[88.769168373676209,27.421466286050073],[88.769039615451575,27.421499515394725],[88.768978777048986,27.421515216661238],[88.761288935010541,27.415598042140605],[88.760525755091209,27.415010735859685],[88.759872759829747,27.41468299890419],[88.759099186402608,27.414294739666254],[88.755191186133274,27.412333197307351],[88.743144457474671,27.413414914204477],[88.724055912558981,27.418019655068075],[88.723554790072697,27.418140504587772],[88.721610676796047,27.417703907333969],[88.719944627134126,27.41732968680563],[88.71600146141472,27.416443986207891],[88.712058303780125,27.415558280900385],[88.706049406369317,27.411010848889138],[88.700911201945985,27.406223588031597],[88.694882818280021,27.400606682997964],[88.69262273068702,27.399081162669638],[88.690052893204296,27.397346541845927],[88.690022328925053,27.397325910632443],[88.689876497320157,27.397227470468515],[88.689869375476562,27.397222663585541],[88.689444136377276,27.39720839845922],[88.682691528234301,27.396981872536738],[88.675992413868229,27.398963404325645],[88.675792678854677,27.398969893954085],[88.674960573000263,27.398996925162518],[88.674375279270137,27.399015938642446],[88.673756730806545,27.399036025614766],[88.672389392536175,27.399080427333374],[88.667302929276545,27.399245917748178],[88.656736458017846,27.399589108189396],[88.656187735601293,27.399606912495358],[88.655887409937179,27.399616656850451],[88.655863155424512,27.399617444023296],[88.655730307170387,27.39962175313665],[88.653800025254199,27.399684368051748],[88.653789620068238,27.399684705411353],[88.653697734092773,27.399687685022254],[88.653696982202902,27.399687709746015],[88.65369671001335,27.399687718518951],[88.653696594130693,27.399687722506666],[88.653686161995296,27.399688060663777],[88.653594030779743,27.399691048250006],[88.653593277093222,27.399691072973756],[88.653593004005401,27.399691081746706],[88.653592888122702,27.399691084936865],[88.653592571017441,27.399690247519477],[88.652293369961342,27.399858267613066],[88.648850696110898,27.400361320669163],[88.646505504822827,27.400685228879215],[88.644434927618803,27.401294242682877],[88.643314323319316,27.402002809651545],[88.641731517839858,27.402536036684431],[88.639613630861376,27.402648041110272],[88.638145487243094,27.402825558334417],[88.63674076468385,27.403149541467002],[88.634968338322651,27.404292058521644],[88.63338868323487,27.405051180649167],[88.633216792401853,27.405133782652442],[88.631771371668691,27.405489926125668],[88.630917010053096,27.405668843975139],[88.629561615782734,27.405907664628245],[88.627037085729683,27.406553256882265],[88.625786382020863,27.407264761565354],[88.624844307104297,27.407959965150457],[88.623715667374583,27.408528088932755],[88.621781559533588,27.409392985592003],[88.621386647558282,27.409498943831178],[88.620420371129654,27.409758200090511],[88.619453190995841,27.409985260445957],[88.618795908075484,27.410821877339128],[88.618231370818336,27.411614479592313],[88.617866909934534,27.412064012445413],[88.617444575986852,27.412516596099572],[88.617409908203427,27.412968295128561],[88.617454247249199,27.413435388508361],[88.6168622709517,27.414670021492423],[88.616742125774024,27.415364723948123],[88.616852777555778,27.416203703530972],[88.616932573105842,27.417044306657992],[88.616775657188626,27.417678367074817],[88.615856006018205,27.419050838440189],[88.61556578011286,27.419483958500905],[88.615048059455034,27.419167414363606],[88.614540447539113,27.419078490695725],[88.614106103116086,27.419121802288949],[88.613336517310501,27.419257637720474],[88.612798921427057,27.419279170684629],[88.612396495044365,27.419232329863814],[88.611739517551229,27.418919898800084],[88.611214066890412,27.418468365248636],[88.610879908876086,27.418145724415162],[88.610454420943441,27.417998020587497],[88.610042714963868,27.417924446097828],[88.60984001191666,27.417778610305447],[88.609651014465726,27.417564003991096],[88.609513790517852,27.417326253144974],[88.609396412151241,27.417155508532076],[88.609368456579602,27.417126150125448],[88.609358489771537,27.417115682464484],[88.609291521265419,27.417045351271764],[88.609272325166117,27.417043712583709],[88.609256811261176,27.417042388874624],[88.609242359164867,27.417041155273409],[88.609094311416158,27.417028520229795],[88.608906735998303,27.417113257526672],[88.608733867798293,27.417210830730994],[88.608560646560377,27.417233564999304],[88.608386134443379,27.417242759179455],[88.608166861072419,27.41720667620443],[88.607922024343438,27.417185548719992],[88.607700533930327,27.417197215685011],[88.607474904080419,27.417236320063783],[88.607029062120091,27.417300634651976],[88.606701113260996,27.41725666208616],[88.606481491343715,27.417145739408909],[88.606079937225161,27.416894688355956],[88.605740144977375,27.416796899569768],[88.60535243389738,27.416762877772427],[88.604644776150863,27.416698067674794],[88.603228706971251,27.416513883190177],[88.602196381911369,27.416437599675323],[88.601489243391057,27.416376850646646],[88.601087846477711,27.41639797908319],[88.600855767622392,27.416410194756153],[88.600098577669414,27.4165044768359],[88.599659950977426,27.416658192002327],[88.599350482260348,27.416793431603626],[88.598810324381688,27.417029481115161],[88.59804350987875,27.417363749096442],[88.597653431737996,27.417460473633017],[88.597199400735519,27.417451705289103],[88.596840419574946,27.417307303418912],[88.596501887663479,27.417150939347987],[88.596051407701324,27.417065777057875],[88.595666376295839,27.416988057778845],[88.595392267963277,27.416828302640337],[88.594469150194158,27.416376428811486],[88.593936259686188,27.415990790274822],[88.593263864407788,27.415841091600832],[88.592676892624723,27.415795757250962],[88.592070498366922,27.415773214068544],[88.591935279458795,27.415795058707428],[88.591722868318271,27.415829372659989],[88.591655322195422,27.415840284607917],[88.591570996441391,27.415853906997977],[88.590817432088897,27.416100356899772],[88.590076181842321,27.416476788849486],[88.589621197727311,27.416685764317741],[88.589161557644218,27.416731697960181],[88.588710607863149,27.416755400391597],[88.588320524332488,27.416852102335842],[88.587778612044104,27.417054756782584],[88.587243878193107,27.417333232104017],[88.58593753822548,27.417508382939655],[88.584546741349797,27.417581452945186],[88.583484103538964,27.417511933814204],[88.582728361670192,27.417502498040687],[88.582520098051347,27.417499896883324],[88.581219066228755,27.417536889609174],[88.580232999016104,27.417620002987295],[88.579194573497134,27.417916609164248],[88.579023284535381,27.417965534171429],[88.577982846790135,27.418458841842288],[88.57606969394979,27.419248623920268],[88.574350808976121,27.420122193617207],[88.572408343209716,27.421916178297462],[88.570838040482357,27.422719242231643],[88.569113177220459,27.423530392816787],[88.567900512672381,27.424502677893464],[88.56510716716042,27.426497838750109],[88.563835409636269,27.42793290545719],[88.563662737268984,27.428398229255819],[88.56309325478621,27.428883251515359],[88.562941106228209,27.428929961467102],[88.562388972010183,27.429099466368243],[88.561764375189739,27.429145982477834],[88.56137561308087,27.429083588375988],[88.560853380185407,27.429055772781535],[88.560294218446913,27.429071270452223]]]},"properties":{"objectid":524,"uid":"225","name":"Gangtok","state":"Sikkim","country":"India","censusname":"East District","dist_locallang":"Gangtok","lgd_districtname":"Gangtok","lgd_districtcode":225,"lgd_statecode":11,"censuscode2011":"244","premiumdata.sde.DistrictBoundary26.area":529.23641139000006,"level_2011":"District","st_area(shape)":673409595.24776018,"st_perimeter(shape)":152536.25012504548}}]}